2026-09-06 01:49:31,880 INFO http "GET /api/health HTTP/1.1" 200 -
2026-09-06 10:23:17,681 INFO http "GET /api/health HTTP/1.1" 200 -
2026-09-06 10:23:17,920 INFO http "GET / HTTP/1.1" 200 -
2026-09-06 10:23:17,949 INFO http "GET /style.css HTTP/1.1" 200 -
2026-09-06 10:23:17,954 INFO http "GET /format.css HTTP/1.1" 200 -
2026-09-06 10:23:17,957 INFO http "GET /app.js HTTP/1.1" 200 -
2026-09-06 10:23:18,006 INFO http "GET /api/health HTTP/1.1" 200 -
2026-09-06 10:23:18,016 INFO http "GET /favicon.ico HTTP/1.1" 404 -
2026-09-06 14:21:15,542 INFO http "GET /api/health HTTP/1.1" 200 -
2026-09-06 14:22:05,366 INFO http "GET /api/health HTTP/1.1" 200 -
2026-09-06 14:22:20,430 INFO http "GET /api/health HTTP/1.1" 200 -
2026-09-06 14:23:31,981 INFO http "GET /api/health HTTP/1.1" 200 -
2026-09-06 14:24:12,236 INFO http "GET /api/health HTTP/1.1" 200 -
2026-09-06 14:25:24,777 INFO http "GET /api/health HTTP/1.1" 200 -
2026-09-06 14:25:37,902 INFO http "GET /api/health HTTP/1.1" 200 -
2026-09-06 14:32:47,703 INFO http "GET /api/health HTTP/1.1" 200 -
2026-09-06 14:32:47,931 INFO http "GET / HTTP/1.1" 200 -
2026-09-06 14:32:47,945 INFO http "GET /format.css HTTP/1.1" 200 -
2026-09-06 14:32:47,952 INFO http "GET /style.css HTTP/1.1" 200 -
2026-09-06 14:32:47,952 INFO http "GET /app.js HTTP/1.1" 200 -
2026-09-06 14:32:48,000 INFO http "GET /api/health HTTP/1.1" 200 -
2026-09-06 14:32:48,007 INFO http "GET /favicon.ico HTTP/1.1" 404 -
2026-09-06 14:32:50,517 INFO http "GET /api/health HTTP/1.1" 200 -
2026-09-06 14:32:53,023 INFO http "GET /api/health HTTP/1.1" 200 -
2026-09-06 14:32:55,517 INFO http "GET /api/health HTTP/1.1" 200 -
2026-09-06 14:32:58,014 INFO http "GET /api/health HTTP/1.1" 200 -
2026-09-06 14:33:00,525 INFO http "GET /api/health HTTP/1.1" 200 -
2026-09-06 14:33:03,024 INFO http "GET /api/health HTTP/1.1" 200 -
2026-09-06 14:33:05,520 INFO http "GET /api/health HTTP/1.1" 200 -
2026-09-06 14:33:08,021 INFO http "GET /api/health HTTP/1.1" 200 -
2026-09-06 14:33:10,514 INFO http "GET /api/health HTTP/1.1" 200 -
2026-09-06 14:33:13,011 INFO http "GET /api/health HTTP/1.1" 200 -
2026-09-06 14:33:15,508 INFO http "GET /api/health HTTP/1.1" 200 -
2026-09-06 14:33:18,027 INFO http "GET /api/health HTTP/1.1" 200 -
2026-09-06 14:33:20,522 INFO http "GET /api/health HTTP/1.1" 200 -
2026-09-06 14:33:21,089 INFO http "GET /api/health HTTP/1.1" 200 -
2026-09-06 14:33:23,017 INFO http "GET /api/health HTTP/1.1" 200 -
2026-09-06 14:33:25,510 INFO http "GET /api/health HTTP/1.1" 200 -
2026-09-06 14:33:26,130 INFO http "GET / HTTP/1.1" 200 -
2026-09-06 14:33:26,162 INFO http "GET /style.css HTTP/1.1" 200 -
2026-09-06 14:33:26,162 INFO http "GET /format.css HTTP/1.1" 200 -
2026-09-06 14:33:26,162 INFO http "GET /app.js HTTP/1.1" 200 -
2026-09-06 14:33:26,205 INFO http "GET /api/health HTTP/1.1" 200 -
2026-09-06 14:33:26,289 INFO http "GET /favicon.ico HTTP/1.1" 404 -
2026-09-06 14:33:28,024 INFO http "GET /api/health HTTP/1.1" 200 -
2026-09-06 14:33:28,789 INFO http "GET /api/health HTTP/1.1" 200 -
2026-09-06 14:33:30,517 INFO http "GET /api/health HTTP/1.1" 200 -
2026-09-06 14:33:31,289 INFO http "GET /api/health HTTP/1.1" 200 -
2026-09-06 14:33:33,026 INFO http "GET /api/health HTTP/1.1" 200 -
2026-09-06 14:33:33,789 INFO http "GET /api/health HTTP/1.1" 200 -
2026-09-06 14:33:36,088 INFO http "GET /api/health HTTP/1.1" 200 -
2026-09-06 14:33:36,293 INFO http "GET /api/health HTTP/1.1" 200 -
2026-09-06 14:33:38,085 INFO http "GET /api/health HTTP/1.1" 200 -
2026-09-06 14:33:38,799 INFO http "GET /api/health HTTP/1.1" 200 -
2026-09-06 14:33:41,089 INFO http "GET /api/health HTTP/1.1" 200 -
2026-09-06 14:33:41,294 INFO http "GET /api/health HTTP/1.1" 200 -
2026-09-06 14:33:43,077 INFO http "GET /api/health HTTP/1.1" 200 -
2026-09-06 14:33:43,802 INFO http "GET /api/health HTTP/1.1" 200 -
2026-09-06 14:33:44,740 INFO dataset_upload id=cf40e10db38e49bf883406786e2b00c8 bytes=1901612
2026-09-06 14:33:46,085 INFO http "GET /api/health HTTP/1.1" 200 -
2026-09-06 14:33:46,292 INFO http "GET /api/health HTTP/1.1" 200 -
2026-09-06 14:33:48,083 INFO http "GET /api/health HTTP/1.1" 200 -
2026-09-06 14:33:48,795 INFO http "GET /api/health HTTP/1.1" 200 -
2026-09-06 14:33:49,514 INFO http "POST /api/datasets HTTP/1.1" 201 -
2026-09-06 14:33:49,538 INFO http "GET /api/datasets/cf40e10db38e49bf883406786e2b00c8/dashboard HTTP/1.1" 200 -
2026-09-06 14:33:51,081 INFO http "GET /api/health HTTP/1.1" 200 -
2026-09-06 14:33:51,289 INFO http "GET /api/health HTTP/1.1" 200 -
2026-09-06 14:33:51,960 INFO http "POST /api/jobs HTTP/1.1" 202 -
2026-09-06 14:33:52,041 INFO job_started id=6b6f5db379c44be48203048c88b14b00 dataset=cf40e10db38e49bf883406786e2b00c8 strategy=quick station=
2026-09-06 14:33:53,079 INFO http "GET /api/health HTTP/1.1" 200 -
2026-09-06 14:33:53,364 INFO http "GET /api/jobs/6b6f5db379c44be48203048c88b14b00 HTTP/1.1" 200 -
2026-09-06 14:33:53,789 INFO http "GET /api/health HTTP/1.1" 200 -
2026-09-06 14:33:55,074 INFO http "GET /api/jobs/6b6f5db379c44be48203048c88b14b00 HTTP/1.1" 200 -
2026-09-06 14:33:56,076 INFO http "GET /api/health HTTP/1.1" 200 -
2026-09-06 14:33:56,297 INFO http "GET /api/health HTTP/1.1" 200 -
2026-09-06 14:33:56,787 INFO http "GET /api/jobs/6b6f5db379c44be48203048c88b14b00 HTTP/1.1" 200 -
2026-09-06 14:33:58,089 INFO http "GET /api/health HTTP/1.1" 200 -
2026-09-06 14:33:58,499 INFO http "GET /api/jobs/6b6f5db379c44be48203048c88b14b00 HTTP/1.1" 200 -
2026-09-06 14:33:58,789 INFO http "GET /api/health HTTP/1.1" 200 -
2026-09-06 14:34:00,203 INFO http "GET /api/jobs/6b6f5db379c44be48203048c88b14b00 HTTP/1.1" 200 -
2026-09-06 14:34:01,082 INFO http "GET /api/health HTTP/1.1" 200 -
2026-09-06 14:34:01,297 INFO http "GET /api/health HTTP/1.1" 200 -
2026-09-06 14:34:01,907 INFO http "GET /api/jobs/6b6f5db379c44be48203048c88b14b00 HTTP/1.1" 200 -
2026-09-06 14:34:03,077 INFO http "GET /api/health HTTP/1.1" 200 -
2026-09-06 14:34:03,615 INFO http "GET /api/jobs/6b6f5db379c44be48203048c88b14b00 HTTP/1.1" 200 -
2026-09-06 14:34:03,790 INFO http "GET /api/health HTTP/1.1" 200 -
2026-09-06 14:34:05,319 INFO http "GET /api/jobs/6b6f5db379c44be48203048c88b14b00 HTTP/1.1" 200 -
2026-09-06 14:34:06,078 INFO http "GET /api/health HTTP/1.1" 200 -
2026-09-06 14:34:06,299 INFO http "GET /api/health HTTP/1.1" 200 -
2026-09-06 14:34:07,024 INFO http "GET /api/jobs/6b6f5db379c44be48203048c88b14b00 HTTP/1.1" 200 -
2026-09-06 14:34:08,086 INFO http "GET /api/health HTTP/1.1" 200 -
2026-09-06 14:34:08,741 INFO http "GET /api/jobs/6b6f5db379c44be48203048c88b14b00 HTTP/1.1" 200 -
2026-09-06 14:34:08,790 INFO http "GET /api/health HTTP/1.1" 200 -
2026-09-06 14:34:10,451 INFO http "GET /api/jobs/6b6f5db379c44be48203048c88b14b00 HTTP/1.1" 200 -
2026-09-06 14:34:11,085 INFO http "GET /api/health HTTP/1.1" 200 -
2026-09-06 14:34:11,290 INFO http "GET /api/health HTTP/1.1" 200 -
2026-09-06 14:34:12,164 INFO http "GET /api/jobs/6b6f5db379c44be48203048c88b14b00 HTTP/1.1" 200 -
2026-09-06 14:34:13,079 INFO http "GET /api/health HTTP/1.1" 200 -
2026-09-06 14:34:13,789 INFO http "GET /api/health HTTP/1.1" 200 -
2026-09-06 14:34:13,868 INFO http "GET /api/jobs/6b6f5db379c44be48203048c88b14b00 HTTP/1.1" 200 -
2026-09-06 14:34:15,574 INFO http "GET /api/jobs/6b6f5db379c44be48203048c88b14b00 HTTP/1.1" 200 -
2026-09-06 14:34:16,082 INFO http "GET /api/health HTTP/1.1" 200 -
2026-09-06 14:34:16,290 INFO http "GET /api/health HTTP/1.1" 200 -
2026-09-06 14:34:17,287 INFO http "GET /api/jobs/6b6f5db379c44be48203048c88b14b00 HTTP/1.1" 200 -
2026-09-06 14:34:18,076 INFO http "GET /api/health HTTP/1.1" 200 -
2026-09-06 14:34:18,790 INFO http "GET /api/health HTTP/1.1" 200 -
2026-09-06 14:34:18,991 INFO http "GET /api/jobs/6b6f5db379c44be48203048c88b14b00 HTTP/1.1" 200 -
2026-09-06 14:34:19,548 INFO job_succeeded id=6b6f5db379c44be48203048c88b14b00
2026-09-06 14:34:20,700 INFO http "GET /api/jobs/6b6f5db379c44be48203048c88b14b00 HTTP/1.1" 200 -
2026-09-06 14:34:20,722 INFO http "GET /api/jobs/6b6f5db379c44be48203048c88b14b00/result HTTP/1.1" 200 -
2026-09-06 14:34:21,092 INFO http "GET /api/health HTTP/1.1" 200 -
2026-09-06 14:34:21,290 INFO http "GET /api/health HTTP/1.1" 200 -
2026-09-06 14:34:23,088 INFO http "GET /api/health HTTP/1.1" 200 -
2026-09-06 14:34:23,802 INFO http "GET /api/health HTTP/1.1" 200 -
2026-09-06 14:34:26,085 INFO http "GET /api/health HTTP/1.1" 200 -
2026-09-06 14:34:26,303 INFO http "GET /api/health HTTP/1.1" 200 -
2026-09-06 14:34:28,088 INFO http "GET /api/health HTTP/1.1" 200 -
2026-09-06 14:34:28,790 INFO http "GET /api/health HTTP/1.1" 200 -
2026-09-06 14:34:31,085 INFO http "GET /api/health HTTP/1.1" 200 -
2026-09-06 14:34:31,309 INFO http "GET /api/health HTTP/1.1" 200 -
2026-09-06 14:34:33,092 INFO http "GET /api/health HTTP/1.1" 200 -
2026-09-06 14:34:33,793 INFO http "GET /api/health HTTP/1.1" 200 -
2026-09-06 14:34:36,305 INFO http "GET /api/health HTTP/1.1" 200 -
2026-09-06 14:34:38,804 INFO http "GET /api/health HTTP/1.1" 200 -
2026-09-06 14:34:41,290 INFO http "GET /api/health HTTP/1.1" 200 -
2026-09-06 14:34:43,795 INFO http "GET /api/health HTTP/1.1" 200 -
2026-09-06 14:34:46,303 INFO http "GET /api/health HTTP/1.1" 200 -
2026-09-06 14:34:47,077 INFO http "GET /api/health HTTP/1.1" 200 -
2026-09-06 14:34:48,798 INFO http "GET /api/health HTTP/1.1" 200 -
2026-09-06 14:34:51,297 INFO http "GET /api/health HTTP/1.1" 200 -
2026-09-06 14:34:53,791 INFO http "GET /api/health HTTP/1.1" 200 -
2026-09-06 14:34:56,306 INFO http "GET /api/health HTTP/1.1" 200 -
2026-09-06 14:34:57,055 INFO http "GET /api/jobs/6b6f5db379c44be48203048c88b14b00/files/station-001.png HTTP/1.1" 200 -
2026-09-06 14:34:58,789 INFO http "GET /api/health HTTP/1.1" 200 -
2026-09-06 14:35:01,290 INFO http "GET /api/health HTTP/1.1" 200 -
2026-09-06 14:35:03,791 INFO http "GET /api/health HTTP/1.1" 200 -
2026-09-06 14:35:06,306 INFO http "GET /api/health HTTP/1.1" 200 -
2026-09-06 14:35:08,792 INFO http "GET /api/health HTTP/1.1" 200 -
2026-09-06 14:35:11,307 INFO http "GET /api/health HTTP/1.1" 200 -
2026-09-06 14:35:13,796 INFO http "GET /api/health HTTP/1.1" 200 -
2026-09-06 14:35:16,296 INFO http "GET /api/health HTTP/1.1" 200 -
2026-09-06 14:35:18,789 INFO http "GET /api/health HTTP/1.1" 200 -
2026-09-06 14:35:20,082 INFO http "GET /api/health HTTP/1.1" 200 -
2026-09-06 14:35:20,508 INFO http "GET /api/health HTTP/1.1" 200 -
2026-09-06 14:35:21,302 INFO http "GET /api/health HTTP/1.1" 200 -
2026-09-06 14:35:23,023 INFO http "GET /api/health HTTP/1.1" 200 -
2026-09-06 14:35:23,790 INFO http "GET /api/health HTTP/1.1" 200 -
2026-09-06 14:35:25,521 INFO http "GET /api/health HTTP/1.1" 200 -
2026-09-06 14:35:26,293 INFO http "GET /api/health HTTP/1.1" 200 -
2026-09-06 14:35:28,021 INFO http "GET /api/health HTTP/1.1" 200 -
2026-09-06 14:35:28,800 INFO http "GET /api/health HTTP/1.1" 200 -
2026-09-06 14:35:30,523 INFO http "GET /api/health HTTP/1.1" 200 -
2026-09-06 14:35:31,301 INFO http "GET /api/health HTTP/1.1" 200 -
2026-09-06 14:35:33,018 INFO http "GET /api/health HTTP/1.1" 200 -
2026-09-06 14:35:33,806 INFO http "GET /api/health HTTP/1.1" 200 -
2026-09-06 14:35:35,509 INFO http "GET /api/health HTTP/1.1" 200 -
2026-09-06 14:35:36,298 INFO http "GET /api/health HTTP/1.1" 200 -
2026-09-06 14:35:38,017 INFO http "GET /api/health HTTP/1.1" 200 -
2026-09-06 14:35:38,789 INFO http "GET /api/health HTTP/1.1" 200 -
2026-09-06 14:35:40,511 INFO http "GET /api/health HTTP/1.1" 200 -
2026-09-06 14:35:41,290 INFO http "GET /api/health HTTP/1.1" 200 -
2026-09-06 14:35:43,017 INFO http "GET /api/health HTTP/1.1" 200 -
2026-09-06 14:35:43,803 INFO http "GET /api/health HTTP/1.1" 200 -
2026-09-06 14:35:45,516 INFO http "GET /api/health HTTP/1.1" 200 -
2026-09-06 14:35:46,290 INFO http "GET /api/health HTTP/1.1" 200 -
2026-09-06 14:35:48,010 INFO http "GET /api/health HTTP/1.1" 200 -
2026-09-06 14:35:48,789 INFO http "GET /api/health HTTP/1.1" 200 -
2026-09-06 14:35:50,508 INFO http "GET /api/health HTTP/1.1" 200 -
2026-09-06 14:35:51,290 INFO http "GET /api/health HTTP/1.1" 200 -
2026-09-06 14:35:53,026 INFO http "GET /api/health HTTP/1.1" 200 -
2026-09-06 14:35:53,796 INFO http "GET /api/health HTTP/1.1" 200 -
2026-09-06 14:35:55,521 INFO http "GET /api/health HTTP/1.1" 200 -
2026-09-06 14:35:56,294 INFO http "GET /api/health HTTP/1.1" 200 -
2026-09-06 14:35:58,021 INFO http "GET /api/health HTTP/1.1" 200 -
2026-09-06 14:35:58,800 INFO http "GET /api/health HTTP/1.1" 200 -
2026-09-06 14:36:00,521 INFO http "GET /api/health HTTP/1.1" 200 -
2026-09-06 14:36:01,293 INFO http "GET /api/health HTTP/1.1" 200 -
2026-09-06 14:36:03,016 INFO http "GET /api/health HTTP/1.1" 200 -
2026-09-06 14:36:03,799 INFO http "GET /api/health HTTP/1.1" 200 -
2026-09-06 14:36:05,518 INFO http "GET /api/health HTTP/1.1" 200 -
2026-09-06 14:36:06,307 INFO http "GET /api/health HTTP/1.1" 200 -
2026-09-06 14:36:08,013 INFO http "GET /api/health HTTP/1.1" 200 -
2026-09-06 14:36:08,799 INFO http "GET /api/health HTTP/1.1" 200 -
2026-09-06 14:36:10,523 INFO http "GET /api/health HTTP/1.1" 200 -
2026-09-06 14:36:11,290 INFO http "GET /api/health HTTP/1.1" 200 -
2026-09-06 14:36:13,024 INFO http "GET /api/health HTTP/1.1" 200 -
2026-09-06 14:36:13,803 INFO http "GET /api/health HTTP/1.1" 200 -
2026-09-06 14:36:15,521 INFO http "GET /api/health HTTP/1.1" 200 -
2026-09-06 14:36:16,303 INFO http "GET /api/health HTTP/1.1" 200 -
2026-09-06 14:36:18,022 INFO http "GET /api/health HTTP/1.1" 200 -
2026-09-06 14:36:18,806 INFO http "GET /api/health HTTP/1.1" 200 -
2026-09-06 14:36:20,512 INFO http "GET /api/health HTTP/1.1" 200 -
2026-09-06 14:36:21,296 INFO http "GET /api/health HTTP/1.1" 200 -
2026-09-06 14:36:23,023 INFO http "GET /api/health HTTP/1.1" 200 -
2026-09-06 14:36:23,807 INFO http "GET /api/health HTTP/1.1" 200 -
2026-09-06 14:36:25,521 INFO http "GET /api/health HTTP/1.1" 200 -
2026-09-06 14:36:26,298 INFO http "GET /api/health HTTP/1.1" 200 -
2026-09-06 14:36:28,013 INFO http "GET /api/health HTTP/1.1" 200 -
2026-09-06 14:36:28,799 INFO http "GET /api/health HTTP/1.1" 200 -
2026-09-06 14:36:30,518 INFO http "GET /api/health HTTP/1.1" 200 -
2026-09-06 14:36:31,298 INFO http "GET /api/health HTTP/1.1" 200 -
2026-09-06 14:36:33,024 INFO http "GET /api/health HTTP/1.1" 200 -
2026-09-06 14:36:33,809 INFO http "GET /api/health HTTP/1.1" 200 -
2026-09-06 14:36:35,520 INFO http "GET /api/health HTTP/1.1" 200 -
2026-09-06 14:36:36,306 INFO http "GET /api/health HTTP/1.1" 200 -
2026-09-06 14:36:38,014 INFO http "GET /api/health HTTP/1.1" 200 -
2026-09-06 14:36:38,801 INFO http "GET /api/health HTTP/1.1" 200 -
2026-09-06 14:36:40,523 INFO http "GET /api/health HTTP/1.1" 200 -
2026-09-06 14:36:41,303 INFO http "GET /api/health HTTP/1.1" 200 -
2026-09-06 14:36:43,027 INFO http "GET /api/health HTTP/1.1" 200 -
2026-09-06 14:36:43,789 INFO http "GET /api/health HTTP/1.1" 200 -
2026-09-06 14:36:45,513 INFO http "GET /api/health HTTP/1.1" 200 -
2026-09-06 14:36:46,295 INFO http "GET /api/health HTTP/1.1" 200 -
2026-09-06 14:36:48,013 INFO http "GET /api/health HTTP/1.1" 200 -
2026-09-06 14:36:48,798 INFO http "GET /api/health HTTP/1.1" 200 -
2026-09-06 14:36:50,520 INFO http "GET /api/health HTTP/1.1" 200 -
2026-09-06 14:36:51,292 INFO http "GET /api/health HTTP/1.1" 200 -
2026-09-06 14:36:53,012 INFO http "GET /api/health HTTP/1.1" 200 -
2026-09-06 14:36:53,795 INFO http "GET /api/health HTTP/1.1" 200 -
2026-09-06 14:36:55,509 INFO http "GET /api/health HTTP/1.1" 200 -
2026-09-06 14:36:56,295 INFO http "GET /api/health HTTP/1.1" 200 -
2026-09-06 14:36:58,026 INFO http "GET /api/health HTTP/1.1" 200 -
2026-09-06 14:36:58,797 INFO http "GET /api/health HTTP/1.1" 200 -
2026-09-06 14:37:00,512 INFO http "GET /api/health HTTP/1.1" 200 -
2026-09-06 14:37:01,294 INFO http "GET /api/health HTTP/1.1" 200 -
2026-09-06 14:37:03,020 INFO http "GET /api/health HTTP/1.1" 200 -
2026-09-06 14:37:03,794 INFO http "GET /api/health HTTP/1.1" 200 -
2026-09-06 14:37:05,520 INFO http "GET /api/health HTTP/1.1" 200 -
2026-09-06 14:37:06,308 INFO http "GET /api/health HTTP/1.1" 200 -
2026-09-06 14:37:08,014 INFO http "GET /api/health HTTP/1.1" 200 -
2026-09-06 14:37:08,794 INFO http "GET /api/health HTTP/1.1" 200 -
2026-09-06 14:37:10,517 INFO http "GET /api/health HTTP/1.1" 200 -
2026-09-06 14:37:11,297 INFO http "GET /api/health HTTP/1.1" 200 -
2026-09-06 14:37:13,012 INFO http "GET /api/health HTTP/1.1" 200 -
2026-09-06 14:37:13,797 INFO http "GET /api/health HTTP/1.1" 200 -
2026-09-06 14:37:15,520 INFO http "GET /api/health HTTP/1.1" 200 -
2026-09-06 14:37:16,294 INFO http "GET /api/health HTTP/1.1" 200 -
2026-09-06 14:37:18,014 INFO http "GET /api/health HTTP/1.1" 200 -
2026-09-06 14:37:18,804 INFO http "GET /api/health HTTP/1.1" 200 -
2026-09-06 14:37:20,512 INFO http "GET /api/health HTTP/1.1" 200 -
2026-09-06 14:37:21,307 INFO http "GET /api/health HTTP/1.1" 200 -
2026-09-06 14:37:23,015 INFO http "GET /api/health HTTP/1.1" 200 -
2026-09-06 14:37:23,798 INFO http "GET /api/health HTTP/1.1" 200 -
2026-09-06 14:37:25,520 INFO http "GET /api/health HTTP/1.1" 200 -
2026-09-06 14:37:26,290 INFO http "GET /api/health HTTP/1.1" 200 -
2026-09-06 14:37:28,021 INFO http "GET /api/health HTTP/1.1" 200 -
2026-09-06 14:37:28,797 INFO http "GET /api/health HTTP/1.1" 200 -
2026-09-06 14:37:30,526 INFO http "GET /api/health HTTP/1.1" 200 -
2026-09-06 14:37:31,294 INFO http "GET /api/health HTTP/1.1" 200 -
2026-09-06 14:37:33,021 INFO http "GET /api/health HTTP/1.1" 200 -
2026-09-06 14:37:33,803 INFO http "GET /api/health HTTP/1.1" 200 -
2026-09-06 14:37:35,519 INFO http "GET /api/health HTTP/1.1" 200 -
2026-09-06 14:37:36,294 INFO http "GET /api/health HTTP/1.1" 200 -
2026-09-06 14:37:38,017 INFO http "GET /api/health HTTP/1.1" 200 -
2026-09-06 14:37:38,797 INFO http "GET /api/health HTTP/1.1" 200 -
2026-09-06 14:37:40,518 INFO http "GET /api/health HTTP/1.1" 200 -
2026-09-06 14:37:41,303 INFO http "GET /api/health HTTP/1.1" 200 -
2026-09-06 14:37:43,026 INFO http "GET /api/health HTTP/1.1" 200 -
2026-09-06 14:37:43,794 INFO http "GET /api/health HTTP/1.1" 200 -
2026-09-06 14:37:45,523 INFO http "GET /api/health HTTP/1.1" 200 -
2026-09-06 14:37:46,294 INFO http "GET /api/health HTTP/1.1" 200 -
2026-09-06 14:37:48,019 INFO http "GET /api/health HTTP/1.1" 200 -
2026-09-06 14:37:48,801 INFO http "GET /api/health HTTP/1.1" 200 -
2026-09-06 14:37:50,518 INFO http "GET /api/health HTTP/1.1" 200 -
2026-09-06 14:37:51,305 INFO http "GET /api/health HTTP/1.1" 200 -
2026-09-06 14:37:53,012 INFO http "GET /api/health HTTP/1.1" 200 -
2026-09-06 14:37:53,795 INFO http "GET /api/health HTTP/1.1" 200 -
2026-09-06 14:37:55,518 INFO http "GET /api/health HTTP/1.1" 200 -
2026-09-06 14:37:56,305 INFO http "GET /api/health HTTP/1.1" 200 -
2026-09-06 14:37:58,020 INFO http "GET /api/health HTTP/1.1" 200 -
2026-09-06 14:37:58,799 INFO http "GET /api/health HTTP/1.1" 200 -
2026-09-06 14:38:00,508 INFO http "GET /api/health HTTP/1.1" 200 -
2026-09-06 14:38:01,297 INFO http "GET /api/health HTTP/1.1" 200 -
2026-09-06 14:38:03,022 INFO http "GET /api/health HTTP/1.1" 200 -
2026-09-06 14:38:03,795 INFO http "GET /api/health HTTP/1.1" 200 -
2026-09-06 14:38:05,525 INFO http "GET /api/health HTTP/1.1" 200 -
2026-09-06 14:38:06,308 INFO http "GET /api/health HTTP/1.1" 200 -
2026-09-06 14:38:08,013 INFO http "GET /api/health HTTP/1.1" 200 -
2026-09-06 14:38:08,794 INFO http "GET /api/health HTTP/1.1" 200 -
2026-09-06 14:38:10,516 INFO http "GET /api/health HTTP/1.1" 200 -
2026-09-06 14:38:11,299 INFO http "GET /api/health HTTP/1.1" 200 -
2026-09-06 14:38:13,021 INFO http "GET /api/health HTTP/1.1" 200 -
2026-09-06 14:38:13,806 INFO http "GET /api/health HTTP/1.1" 200 -
2026-09-06 14:38:15,515 INFO http "GET /api/health HTTP/1.1" 200 -
2026-09-06 14:38:16,309 INFO http "GET /api/health HTTP/1.1" 200 -
2026-09-06 14:38:18,015 INFO http "GET /api/health HTTP/1.1" 200 -
2026-09-06 14:38:18,799 INFO http "GET /api/health HTTP/1.1" 200 -
2026-09-06 14:38:20,520 INFO http "GET /api/health HTTP/1.1" 200 -
2026-09-06 14:38:21,303 INFO http "GET /api/health HTTP/1.1" 200 -
2026-09-06 14:38:23,022 INFO http "GET /api/health HTTP/1.1" 200 -
2026-09-06 14:38:23,790 INFO http "GET /api/health HTTP/1.1" 200 -
2026-09-06 14:38:25,513 INFO http "GET /api/health HTTP/1.1" 200 -
2026-09-06 14:38:26,299 INFO http "GET /api/health HTTP/1.1" 200 -
2026-09-06 14:38:28,012 INFO http "GET /api/health HTTP/1.1" 200 -
2026-09-06 14:38:28,794 INFO http "GET /api/health HTTP/1.1" 200 -
2026-09-06 14:38:30,524 INFO http "GET /api/health HTTP/1.1" 200 -
2026-09-06 14:38:31,308 INFO http "GET /api/health HTTP/1.1" 200 -
2026-09-06 14:38:33,012 INFO http "GET /api/health HTTP/1.1" 200 -
2026-09-06 14:38:33,808 INFO http "GET /api/health HTTP/1.1" 200 -
2026-09-06 14:38:35,522 INFO http "GET /api/health HTTP/1.1" 200 -
2026-09-06 14:38:36,292 INFO http "GET /api/health HTTP/1.1" 200 -
2026-09-06 14:38:38,018 INFO http "GET /api/health HTTP/1.1" 200 -
2026-09-06 14:38:38,804 INFO http "GET /api/health HTTP/1.1" 200 -
2026-09-06 14:38:40,520 INFO http "GET /api/health HTTP/1.1" 200 -
2026-09-06 14:38:41,304 INFO http "GET /api/health HTTP/1.1" 200 -
2026-09-06 14:38:43,008 INFO http "GET /api/health HTTP/1.1" 200 -
2026-09-06 14:38:43,794 INFO http "GET /api/health HTTP/1.1" 200 -
2026-09-06 14:38:45,520 INFO http "GET /api/health HTTP/1.1" 200 -
2026-09-06 14:38:46,294 INFO http "GET /api/health HTTP/1.1" 200 -
2026-09-06 14:38:48,014 INFO http "GET /api/health HTTP/1.1" 200 -
2026-09-06 14:38:48,807 INFO http "GET /api/health HTTP/1.1" 200 -
2026-09-06 14:38:50,525 INFO http "GET /api/health HTTP/1.1" 200 -
2026-09-06 14:38:51,297 INFO http "GET /api/health HTTP/1.1" 200 -
2026-09-06 14:38:53,018 INFO http "GET /api/health HTTP/1.1" 200 -
2026-09-06 14:38:53,798 INFO http "GET /api/health HTTP/1.1" 200 -
2026-09-06 14:38:55,518 INFO http "GET /api/health HTTP/1.1" 200 -
2026-09-06 14:38:56,299 INFO http "GET /api/health HTTP/1.1" 200 -
2026-09-06 14:38:58,022 INFO http "GET /api/health HTTP/1.1" 200 -
2026-09-06 14:38:58,806 INFO http "GET /api/health HTTP/1.1" 200 -
2026-09-06 14:39:00,515 INFO http "GET /api/health HTTP/1.1" 200 -
2026-09-06 14:39:01,297 INFO http "GET /api/health HTTP/1.1" 200 -
2026-09-06 14:39:03,011 INFO http "GET /api/health HTTP/1.1" 200 -
2026-09-06 14:39:03,798 INFO http "GET /api/health HTTP/1.1" 200 -
2026-09-06 14:39:05,512 INFO http "GET /api/health HTTP/1.1" 200 -
2026-09-06 14:39:06,303 INFO http "GET /api/health HTTP/1.1" 200 -
2026-09-06 14:39:08,027 INFO http "GET /api/health HTTP/1.1" 200 -
2026-09-06 14:39:08,796 INFO http "GET /api/health HTTP/1.1" 200 -
2026-09-06 14:39:10,520 INFO http "GET /api/health HTTP/1.1" 200 -
2026-09-06 14:39:11,303 INFO http "GET /api/health HTTP/1.1" 200 -
2026-09-06 14:39:13,016 INFO http "GET /api/health HTTP/1.1" 200 -
2026-09-06 14:39:13,801 INFO http "GET /api/health HTTP/1.1" 200 -
2026-09-06 14:39:15,516 INFO http "GET /api/health HTTP/1.1" 200 -
2026-09-06 14:39:16,304 INFO http "GET /api/health HTTP/1.1" 200 -
2026-09-06 14:39:18,014 INFO http "GET /api/health HTTP/1.1" 200 -
2026-09-06 14:39:18,798 INFO http "GET /api/health HTTP/1.1" 200 -
2026-09-06 14:39:20,515 INFO http "GET /api/health HTTP/1.1" 200 -
2026-09-06 14:39:21,307 INFO http "GET /api/health HTTP/1.1" 200 -
2026-09-06 14:39:23,009 INFO http "GET /api/health HTTP/1.1" 200 -
2026-09-06 14:39:23,794 INFO http "GET /api/health HTTP/1.1" 200 -
2026-09-06 14:39:25,520 INFO http "GET /api/health HTTP/1.1" 200 -
2026-09-06 14:39:26,297 INFO http "GET /api/health HTTP/1.1" 200 -
2026-09-06 14:39:28,008 INFO http "GET /api/health HTTP/1.1" 200 -
2026-09-06 14:39:28,792 INFO http "GET /api/health HTTP/1.1" 200 -
2026-09-06 14:39:30,513 INFO http "GET /api/health HTTP/1.1" 200 -
2026-09-06 14:39:31,299 INFO http "GET /api/health HTTP/1.1" 200 -
2026-09-06 14:39:33,014 INFO http "GET /api/health HTTP/1.1" 200 -
2026-09-06 14:39:33,795 INFO http "GET /api/health HTTP/1.1" 200 -
2026-09-06 14:39:35,514 INFO http "GET /api/health HTTP/1.1" 200 -
2026-09-06 14:39:36,300 INFO http "GET /api/health HTTP/1.1" 200 -
2026-09-06 14:39:38,021 INFO http "GET /api/health HTTP/1.1" 200 -
2026-09-06 14:39:38,802 INFO http "GET /api/health HTTP/1.1" 200 -
2026-09-06 14:39:40,522 INFO http "GET /api/health HTTP/1.1" 200 -
2026-09-06 14:39:41,303 INFO http "GET /api/health HTTP/1.1" 200 -
2026-09-06 14:39:43,017 INFO http "GET /api/health HTTP/1.1" 200 -
2026-09-06 14:39:43,796 INFO http "GET /api/health HTTP/1.1" 200 -
2026-09-06 14:39:45,519 INFO http "GET /api/health HTTP/1.1" 200 -
2026-09-06 14:39:46,301 INFO http "GET /api/health HTTP/1.1" 200 -
2026-09-06 14:39:48,008 INFO http "GET /api/health HTTP/1.1" 200 -
2026-09-06 14:39:48,796 INFO http "GET /api/health HTTP/1.1" 200 -
2026-09-06 14:39:50,515 INFO http "GET /api/health HTTP/1.1" 200 -
2026-09-06 14:39:51,292 INFO http "GET /api/health HTTP/1.1" 200 -
2026-09-06 14:39:53,014 INFO http "GET /api/health HTTP/1.1" 200 -
2026-09-06 14:39:53,789 INFO http "GET /api/health HTTP/1.1" 200 -
2026-09-06 14:39:55,515 INFO http "GET /api/health HTTP/1.1" 200 -
2026-09-06 14:39:56,292 INFO http "GET /api/health HTTP/1.1" 200 -
2026-09-06 14:39:58,014 INFO http "GET /api/health HTTP/1.1" 200 -
2026-09-06 14:39:58,796 INFO http "GET /api/health HTTP/1.1" 200 -
2026-09-06 14:40:00,521 INFO http "GET /api/health HTTP/1.1" 200 -
2026-09-06 14:40:01,295 INFO http "GET /api/health HTTP/1.1" 200 -
2026-09-06 14:40:03,021 INFO http "GET /api/health HTTP/1.1" 200 -
2026-09-06 14:40:03,803 INFO http "GET /api/health HTTP/1.1" 200 -
2026-09-06 14:40:05,517 INFO http "GET /api/health HTTP/1.1" 200 -
2026-09-06 14:40:06,297 INFO http "GET /api/health HTTP/1.1" 200 -
2026-09-06 14:40:08,025 INFO http "GET /api/health HTTP/1.1" 200 -
2026-09-06 14:40:08,808 INFO http "GET /api/health HTTP/1.1" 200 -
2026-09-06 14:40:10,515 INFO http "GET /api/health HTTP/1.1" 200 -
2026-09-06 14:40:11,296 INFO http "GET /api/health HTTP/1.1" 200 -
2026-09-06 14:40:13,016 INFO http "GET /api/health HTTP/1.1" 200 -
2026-09-06 14:40:13,803 INFO http "GET /api/health HTTP/1.1" 200 -
2026-09-06 14:40:15,517 INFO http "GET /api/health HTTP/1.1" 200 -
2026-09-06 14:40:16,290 INFO http "GET /api/health HTTP/1.1" 200 -
2026-09-06 14:40:18,013 INFO http "GET /api/health HTTP/1.1" 200 -
2026-09-06 14:40:18,798 INFO http "GET /api/health HTTP/1.1" 200 -
2026-09-06 14:40:20,518 INFO http "GET /api/health HTTP/1.1" 200 -
2026-09-06 14:40:21,298 INFO http "GET /api/health HTTP/1.1" 200 -
2026-09-06 14:40:23,019 INFO http "GET /api/health HTTP/1.1" 200 -
2026-09-06 14:40:23,794 INFO http "GET /api/health HTTP/1.1" 200 -
2026-09-06 14:40:25,521 INFO http "GET /api/health HTTP/1.1" 200 -
2026-09-06 14:40:26,299 INFO http "GET /api/health HTTP/1.1" 200 -
2026-09-06 14:40:28,016 INFO http "GET /api/health HTTP/1.1" 200 -
2026-09-06 14:40:28,798 INFO http "GET /api/health HTTP/1.1" 200 -
2026-09-06 14:40:30,520 INFO http "GET /api/health HTTP/1.1" 200 -
2026-09-06 14:40:31,292 INFO http "GET /api/health HTTP/1.1" 200 -
2026-09-06 14:40:33,019 INFO http "GET /api/health HTTP/1.1" 200 -
2026-09-06 14:40:33,799 INFO http "GET /api/health HTTP/1.1" 200 -
2026-09-06 14:40:35,520 INFO http "GET /api/health HTTP/1.1" 200 -
2026-09-06 14:40:36,308 INFO http "GET /api/health HTTP/1.1" 200 -
2026-09-06 14:40:38,020 INFO http "GET /api/health HTTP/1.1" 200 -
2026-09-06 14:40:38,796 INFO http "GET /api/health HTTP/1.1" 200 -
2026-09-06 14:40:40,520 INFO http "GET /api/health HTTP/1.1" 200 -
2026-09-06 14:40:41,294 INFO http "GET /api/health HTTP/1.1" 200 -
2026-09-06 14:40:43,026 INFO http "GET /api/health HTTP/1.1" 200 -
2026-09-06 14:40:43,792 INFO http "GET /api/health HTTP/1.1" 200 -
2026-09-06 14:40:45,514 INFO http "GET /api/health HTTP/1.1" 200 -
2026-09-06 14:40:46,299 INFO http "GET /api/health HTTP/1.1" 200 -
2026-09-06 14:40:48,009 INFO http "GET /api/health HTTP/1.1" 200 -
2026-09-06 14:40:48,794 INFO http "GET /api/health HTTP/1.1" 200 -
2026-09-06 14:40:50,517 INFO http "GET /api/health HTTP/1.1" 200 -
2026-09-06 14:40:51,301 INFO http "GET /api/health HTTP/1.1" 200 -
2026-09-06 14:40:53,010 INFO http "GET /api/health HTTP/1.1" 200 -
2026-09-06 14:40:53,794 INFO http "GET /api/health HTTP/1.1" 200 -
2026-09-06 14:40:55,513 INFO http "GET /api/health HTTP/1.1" 200 -
2026-09-06 14:40:56,297 INFO http "GET /api/health HTTP/1.1" 200 -
2026-09-06 14:40:58,025 INFO http "GET /api/health HTTP/1.1" 200 -
2026-09-06 14:40:58,793 INFO http "GET /api/health HTTP/1.1" 200 -
2026-09-06 14:41:00,519 INFO http "GET /api/health HTTP/1.1" 200 -
2026-09-06 14:41:01,302 INFO http "GET /api/health HTTP/1.1" 200 -
2026-09-06 14:41:03,012 INFO http "GET /api/health HTTP/1.1" 200 -
2026-09-06 14:41:03,796 INFO http "GET /api/health HTTP/1.1" 200 -
2026-09-06 14:41:05,508 INFO http "GET /api/health HTTP/1.1" 200 -
2026-09-06 14:41:06,292 INFO http "GET /api/health HTTP/1.1" 200 -
2026-09-06 14:41:08,012 INFO http "GET /api/health HTTP/1.1" 200 -
2026-09-06 14:41:08,792 INFO http "GET /api/health HTTP/1.1" 200 -
2026-09-06 14:41:10,513 INFO http "GET /api/health HTTP/1.1" 200 -
2026-09-06 14:41:11,292 INFO http "GET /api/health HTTP/1.1" 200 -
2026-09-06 14:41:13,026 INFO http "GET /api/health HTTP/1.1" 200 -
2026-09-06 14:41:13,792 INFO http "GET /api/health HTTP/1.1" 200 -
2026-09-06 14:41:15,512 INFO http "GET /api/health HTTP/1.1" 200 -
2026-09-06 14:41:16,290 INFO http "GET /api/health HTTP/1.1" 200 -
2026-09-06 14:41:18,026 INFO http "GET /api/health HTTP/1.1" 200 -
2026-09-06 14:41:18,795 INFO http "GET /api/health HTTP/1.1" 200 -
2026-09-06 14:41:20,520 INFO http "GET /api/health HTTP/1.1" 200 -
2026-09-06 14:41:21,305 INFO http "GET /api/health HTTP/1.1" 200 -
2026-09-06 14:41:23,013 INFO http "GET /api/health HTTP/1.1" 200 -
2026-09-06 14:41:23,802 INFO http "GET /api/health HTTP/1.1" 200 -
2026-09-06 14:41:25,515 INFO http "GET /api/health HTTP/1.1" 200 -
2026-09-06 14:41:26,300 INFO http "GET /api/health HTTP/1.1" 200 -
2026-09-06 14:41:28,023 INFO http "GET /api/health HTTP/1.1" 200 -
2026-09-06 14:41:28,796 INFO http "GET /api/health HTTP/1.1" 200 -
2026-09-06 14:41:30,519 INFO http "GET /api/health HTTP/1.1" 200 -
2026-09-06 14:41:31,300 INFO http "GET /api/health HTTP/1.1" 200 -
2026-09-06 14:41:33,020 INFO http "GET /api/health HTTP/1.1" 200 -
2026-09-06 14:41:33,798 INFO http "GET /api/health HTTP/1.1" 200 -
2026-09-06 14:41:35,514 INFO http "GET /api/health HTTP/1.1" 200 -
2026-09-06 14:41:36,299 INFO http "GET /api/health HTTP/1.1" 200 -
2026-09-06 14:41:38,027 INFO http "GET /api/health HTTP/1.1" 200 -
2026-09-06 14:41:38,790 INFO http "GET /api/health HTTP/1.1" 200 -
2026-09-06 14:41:40,520 INFO http "GET /api/health HTTP/1.1" 200 -
2026-09-06 14:41:41,306 INFO http "GET /api/health HTTP/1.1" 200 -
2026-09-06 14:41:43,017 INFO http "GET /api/health HTTP/1.1" 200 -
2026-09-06 14:41:43,802 INFO http "GET /api/health HTTP/1.1" 200 -
2026-09-06 14:41:45,511 INFO http "GET /api/health HTTP/1.1" 200 -
2026-09-06 14:41:46,297 INFO http "GET /api/health HTTP/1.1" 200 -
2026-09-06 14:41:48,020 INFO http "GET /api/health HTTP/1.1" 200 -
2026-09-06 14:41:48,809 INFO http "GET /api/health HTTP/1.1" 200 -
2026-09-06 14:41:50,514 INFO http "GET /api/health HTTP/1.1" 200 -
2026-09-06 14:41:51,292 INFO http "GET /api/health HTTP/1.1" 200 -
2026-09-06 14:41:53,023 INFO http "GET /api/health HTTP/1.1" 200 -
2026-09-06 14:41:53,792 INFO http "GET /api/health HTTP/1.1" 200 -
2026-09-06 14:41:55,516 INFO http "GET /api/health HTTP/1.1" 200 -
2026-09-06 14:41:56,297 INFO http "GET /api/health HTTP/1.1" 200 -
2026-09-06 14:41:58,012 INFO http "GET /api/health HTTP/1.1" 200 -
2026-09-06 14:41:58,795 INFO http "GET /api/health HTTP/1.1" 200 -
2026-09-06 14:42:00,516 INFO http "GET /api/health HTTP/1.1" 200 -
2026-09-06 14:42:01,289 INFO http "GET /api/health HTTP/1.1" 200 -
2026-09-06 14:42:03,019 INFO http "GET /api/health HTTP/1.1" 200 -
2026-09-06 14:42:03,789 INFO http "GET /api/health HTTP/1.1" 200 -
2026-09-06 14:42:05,522 INFO http "GET /api/health HTTP/1.1" 200 -
2026-09-06 14:42:06,296 INFO http "GET /api/health HTTP/1.1" 200 -
2026-09-06 14:42:08,009 INFO http "GET /api/health HTTP/1.1" 200 -
2026-09-06 14:42:08,794 INFO http "GET /api/health HTTP/1.1" 200 -
2026-09-06 14:42:10,511 INFO http "GET /api/health HTTP/1.1" 200 -
2026-09-06 14:42:11,292 INFO http "GET /api/health HTTP/1.1" 200 -
2026-09-06 14:42:13,018 INFO http "GET /api/health HTTP/1.1" 200 -
2026-09-06 14:42:13,801 INFO http "GET /api/health HTTP/1.1" 200 -
2026-09-06 14:42:15,510 INFO http "GET /api/health HTTP/1.1" 200 -
2026-09-06 14:42:16,292 INFO http "GET /api/health HTTP/1.1" 200 -
2026-09-06 14:42:18,015 INFO http "GET /api/health HTTP/1.1" 200 -
2026-09-06 14:42:18,789 INFO http "GET /api/health HTTP/1.1" 200 -
2026-09-06 14:42:20,513 INFO http "GET /api/health HTTP/1.1" 200 -
2026-09-06 14:42:21,298 INFO http "GET /api/health HTTP/1.1" 200 -
2026-09-06 14:42:23,011 INFO http "GET /api/health HTTP/1.1" 200 -
2026-09-06 14:42:23,797 INFO http "GET /api/health HTTP/1.1" 200 -
2026-09-06 14:42:25,527 INFO http "GET /api/health HTTP/1.1" 200 -
2026-09-06 14:42:26,292 INFO http "GET /api/health HTTP/1.1" 200 -
2026-09-06 14:42:28,018 INFO http "GET /api/health HTTP/1.1" 200 -
2026-09-06 14:42:28,789 INFO http "GET /api/health HTTP/1.1" 200 -
2026-09-06 14:42:30,510 INFO http "GET /api/health HTTP/1.1" 200 -
2026-09-06 14:42:31,292 INFO http "GET /api/health HTTP/1.1" 200 -
2026-09-06 14:42:33,009 INFO http "GET /api/health HTTP/1.1" 200 -
2026-09-06 14:42:33,792 INFO http "GET /api/health HTTP/1.1" 200 -
2026-09-06 14:42:35,514 INFO http "GET /api/health HTTP/1.1" 200 -
2026-09-06 14:42:36,298 INFO http "GET /api/health HTTP/1.1" 200 -
2026-09-06 14:42:38,021 INFO http "GET /api/health HTTP/1.1" 200 -
2026-09-06 14:42:38,789 INFO http "GET /api/health HTTP/1.1" 200 -
2026-09-06 14:42:40,519 INFO http "GET /api/health HTTP/1.1" 200 -
2026-09-06 14:42:41,301 INFO http "GET /api/health HTTP/1.1" 200 -
2026-09-06 14:42:43,013 INFO http "GET /api/health HTTP/1.1" 200 -
2026-09-06 14:42:43,789 INFO http "GET /api/health HTTP/1.1" 200 -
2026-09-06 14:42:45,527 INFO http "GET /api/health HTTP/1.1" 200 -
2026-09-06 14:42:46,294 INFO http "GET /api/health HTTP/1.1" 200 -
2026-09-06 14:42:48,015 INFO http "GET /api/health HTTP/1.1" 200 -
2026-09-06 14:42:48,798 INFO http "GET /api/health HTTP/1.1" 200 -
2026-09-06 14:42:50,520 INFO http "GET /api/health HTTP/1.1" 200 -
2026-09-06 14:42:51,296 INFO http "GET /api/health HTTP/1.1" 200 -
2026-09-06 14:42:53,018 INFO http "GET /api/health HTTP/1.1" 200 -
2026-09-06 14:42:53,797 INFO http "GET /api/health HTTP/1.1" 200 -
2026-09-06 14:42:55,515 INFO http "GET /api/health HTTP/1.1" 200 -
2026-09-06 14:42:56,302 INFO http "GET /api/health HTTP/1.1" 200 -
2026-09-06 14:42:58,022 INFO http "GET /api/health HTTP/1.1" 200 -
2026-09-06 14:42:58,799 INFO http "GET /api/health HTTP/1.1" 200 -
2026-09-06 14:43:00,507 INFO http "GET /api/health HTTP/1.1" 200 -
2026-09-06 14:43:01,290 INFO http "GET /api/health HTTP/1.1" 200 -
2026-09-06 14:43:03,088 INFO http "GET /api/health HTTP/1.1" 200 -
2026-09-06 14:43:03,795 INFO http "GET /api/health HTTP/1.1" 200 -
2026-09-06 14:43:06,089 INFO http "GET /api/health HTTP/1.1" 200 -
2026-09-06 14:43:06,295 INFO http "GET /api/health HTTP/1.1" 200 -
2026-09-06 14:43:08,091 INFO http "GET /api/health HTTP/1.1" 200 -
2026-09-06 14:43:08,798 INFO http "GET /api/health HTTP/1.1" 200 -
2026-09-06 14:43:11,090 INFO http "GET /api/health HTTP/1.1" 200 -
2026-09-06 14:43:11,296 INFO http "GET /api/health HTTP/1.1" 200 -
2026-09-06 14:43:13,088 INFO http "GET /api/health HTTP/1.1" 200 -
2026-09-06 14:43:13,798 INFO http "GET /api/health HTTP/1.1" 200 -
2026-09-06 14:43:16,083 INFO http "GET /api/health HTTP/1.1" 200 -
2026-09-06 14:43:16,301 INFO http "GET /api/health HTTP/1.1" 200 -
2026-09-06 14:43:18,085 INFO http "GET /api/health HTTP/1.1" 200 -
2026-09-06 14:43:18,801 INFO http "GET /api/health HTTP/1.1" 200 -
2026-09-06 14:43:21,081 INFO http "GET /api/health HTTP/1.1" 200 -
2026-09-06 14:43:21,300 INFO http "GET /api/health HTTP/1.1" 200 -
2026-09-06 14:43:23,094 INFO http "GET /api/health HTTP/1.1" 200 -
2026-09-06 14:43:23,800 INFO http "GET /api/health HTTP/1.1" 200 -
2026-09-06 14:43:26,086 INFO http "GET /api/health HTTP/1.1" 200 -
2026-09-06 14:43:26,303 INFO http "GET /api/health HTTP/1.1" 200 -
2026-09-06 14:43:28,078 INFO http "GET /api/health HTTP/1.1" 200 -
2026-09-06 14:43:28,804 INFO http "GET /api/health HTTP/1.1" 200 -
2026-09-06 14:43:31,085 INFO http "GET /api/health HTTP/1.1" 200 -
2026-09-06 14:43:31,308 INFO http "GET /api/health HTTP/1.1" 200 -
2026-09-06 14:43:33,086 INFO http "GET /api/health HTTP/1.1" 200 -
2026-09-06 14:43:33,803 INFO http "GET /api/health HTTP/1.1" 200 -
2026-09-06 14:43:36,079 INFO http "GET /api/health HTTP/1.1" 200 -
2026-09-06 14:43:36,298 INFO http "GET /api/health HTTP/1.1" 200 -
2026-09-06 14:43:38,086 INFO http "GET /api/health HTTP/1.1" 200 -
2026-09-06 14:43:38,807 INFO http "GET /api/health HTTP/1.1" 200 -
2026-09-06 14:43:41,086 INFO http "GET /api/health HTTP/1.1" 200 -
2026-09-06 14:43:41,300 INFO http "GET /api/health HTTP/1.1" 200 -
2026-09-06 14:43:43,084 INFO http "GET /api/health HTTP/1.1" 200 -
2026-09-06 14:43:43,805 INFO http "GET /api/health HTTP/1.1" 200 -
2026-09-06 14:43:46,084 INFO http "GET /api/health HTTP/1.1" 200 -
2026-09-06 14:43:46,303 INFO http "GET /api/health HTTP/1.1" 200 -
2026-09-06 14:43:48,089 INFO http "GET /api/health HTTP/1.1" 200 -
2026-09-06 14:43:48,795 INFO http "GET /api/health HTTP/1.1" 200 -
2026-09-06 14:43:51,090 INFO http "GET /api/health HTTP/1.1" 200 -
2026-09-06 14:43:51,308 INFO http "GET /api/health HTTP/1.1" 200 -
2026-09-06 14:43:53,084 INFO http "GET /api/health HTTP/1.1" 200 -
2026-09-06 14:43:53,804 INFO http "GET /api/health HTTP/1.1" 200 -
2026-09-06 14:43:56,094 INFO http "GET /api/health HTTP/1.1" 200 -
2026-09-06 14:43:56,296 INFO http "GET /api/health HTTP/1.1" 200 -
2026-09-06 14:43:58,092 INFO http "GET /api/health HTTP/1.1" 200 -
2026-09-06 14:43:58,797 INFO http "GET /api/health HTTP/1.1" 200 -
2026-09-06 14:44:01,306 INFO http "GET /api/health HTTP/1.1" 200 -
2026-09-06 14:44:03,799 INFO http "GET /api/health HTTP/1.1" 200 -
2026-09-06 14:44:06,294 INFO http "GET /api/health HTTP/1.1" 200 -
2026-09-06 14:44:08,792 INFO http "GET /api/health HTTP/1.1" 200 -
2026-09-06 14:44:11,299 INFO http "GET /api/health HTTP/1.1" 200 -
2026-09-06 14:44:13,792 INFO http "GET /api/health HTTP/1.1" 200 -
2026-09-06 14:44:16,297 INFO http "GET /api/health HTTP/1.1" 200 -
2026-09-06 14:44:18,794 INFO http "GET /api/health HTTP/1.1" 200 -
2026-09-06 14:44:21,296 INFO http "GET /api/health HTTP/1.1" 200 -
2026-09-06 14:44:23,797 INFO http "GET /api/health HTTP/1.1" 200 -
2026-09-06 14:44:26,295 INFO http "GET /api/health HTTP/1.1" 200 -
2026-09-06 14:44:28,799 INFO http "GET /api/health HTTP/1.1" 200 -
2026-09-06 14:44:31,304 INFO http "GET /api/health HTTP/1.1" 200 -
2026-09-06 14:44:33,800 INFO http "GET /api/health HTTP/1.1" 200 -
2026-09-06 14:44:36,304 INFO http "GET /api/health HTTP/1.1" 200 -
2026-09-06 14:44:38,798 INFO http "GET /api/health HTTP/1.1" 200 -
2026-09-06 14:44:41,299 INFO http "GET /api/health HTTP/1.1" 200 -
2026-09-06 14:44:43,802 INFO http "GET /api/health HTTP/1.1" 200 -
2026-09-06 14:44:46,299 INFO http "GET /api/health HTTP/1.1" 200 -
2026-09-06 14:44:47,078 INFO http "GET /api/health HTTP/1.1" 200 -
2026-09-06 14:44:48,799 INFO http "GET /api/health HTTP/1.1" 200 -
2026-09-06 14:44:51,296 INFO http "GET /api/health HTTP/1.1" 200 -
2026-09-06 14:44:53,795 INFO http "GET /api/health HTTP/1.1" 200 -
2026-09-06 14:44:56,291 INFO http "GET /api/health HTTP/1.1" 200 -
2026-09-06 14:44:58,795 INFO http "GET /api/health HTTP/1.1" 200 -
2026-09-06 14:45:01,298 INFO http "GET /api/health HTTP/1.1" 200 -
2026-09-06 14:45:03,796 INFO http "GET /api/health HTTP/1.1" 200 -
2026-09-06 14:45:06,295 INFO http "GET /api/health HTTP/1.1" 200 -
2026-09-06 14:45:08,792 INFO http "GET /api/health HTTP/1.1" 200 -
2026-09-06 14:45:11,301 INFO http "GET /api/health HTTP/1.1" 200 -
2026-09-06 14:45:13,801 INFO http "GET /api/health HTTP/1.1" 200 -
2026-09-06 14:45:16,302 INFO http "GET /api/health HTTP/1.1" 200 -
2026-09-06 14:45:18,801 INFO http "GET /api/health HTTP/1.1" 200 -
2026-09-06 14:45:21,295 INFO http "GET /api/health HTTP/1.1" 200 -
2026-09-06 14:45:23,806 INFO http "GET /api/health HTTP/1.1" 200 -
2026-09-06 14:45:26,298 INFO http "GET /api/health HTTP/1.1" 200 -
2026-09-06 14:45:28,793 INFO http "GET /api/health HTTP/1.1" 200 -
2026-09-06 14:45:31,290 INFO http "GET /api/health HTTP/1.1" 200 -
2026-09-06 14:45:33,795 INFO http "GET /api/health HTTP/1.1" 200 -
2026-09-06 14:45:36,298 INFO http "GET /api/health HTTP/1.1" 200 -
2026-09-06 14:45:38,798 INFO http "GET /api/health HTTP/1.1" 200 -
2026-09-06 14:45:41,300 INFO http "GET /api/health HTTP/1.1" 200 -
2026-09-06 14:45:43,799 INFO http "GET /api/health HTTP/1.1" 200 -
2026-09-06 14:45:46,298 INFO http "GET /api/health HTTP/1.1" 200 -
2026-09-06 14:45:47,093 INFO http "GET /api/health HTTP/1.1" 200 -
2026-09-06 14:45:48,797 INFO http "GET /api/health HTTP/1.1" 200 -
2026-09-06 14:45:51,292 INFO http "GET /api/health HTTP/1.1" 200 -
2026-09-06 14:45:53,795 INFO http "GET /api/health HTTP/1.1" 200 -
2026-09-06 14:45:56,302 INFO http "GET /api/health HTTP/1.1" 200 -
2026-09-06 14:45:58,802 INFO http "GET /api/health HTTP/1.1" 200 -
2026-09-06 14:46:01,294 INFO http "GET /api/health HTTP/1.1" 200 -
2026-09-06 14:46:03,793 INFO http "GET /api/health HTTP/1.1" 200 -
2026-09-06 14:46:06,294 INFO http "GET /api/health HTTP/1.1" 200 -
2026-09-06 14:46:08,800 INFO http "GET /api/health HTTP/1.1" 200 -
2026-09-06 14:46:11,302 INFO http "GET /api/health HTTP/1.1" 200 -
2026-09-06 14:46:13,799 INFO http "GET /api/health HTTP/1.1" 200 -
2026-09-06 14:46:16,305 INFO http "GET /api/health HTTP/1.1" 200 -
2026-09-06 14:46:18,792 INFO http "GET /api/health HTTP/1.1" 200 -
2026-09-06 14:46:21,291 INFO http "GET /api/health HTTP/1.1" 200 -
2026-09-06 14:46:22,972 INFO http "GET /api/jobs HTTP/1.1" 200 -
2026-09-06 14:46:23,804 INFO http "GET /api/health HTTP/1.1" 200 -
2026-09-06 14:46:26,297 INFO http "GET /api/health HTTP/1.1" 200 -
2026-09-06 14:46:28,801 INFO http "GET /api/health HTTP/1.1" 200 -
2026-09-06 14:46:31,304 INFO http "GET /api/health HTTP/1.1" 200 -
2026-09-06 14:46:33,794 INFO http "GET /api/health HTTP/1.1" 200 -
2026-09-06 14:46:36,308 INFO http "GET /api/health HTTP/1.1" 200 -
2026-09-06 14:46:38,805 INFO http "GET /api/health HTTP/1.1" 200 -
2026-09-06 14:46:41,307 INFO http "GET /api/health HTTP/1.1" 200 -
2026-09-06 14:46:43,793 INFO http "GET /api/health HTTP/1.1" 200 -
2026-09-06 14:46:46,290 INFO http "GET /api/health HTTP/1.1" 200 -
2026-09-06 14:46:47,089 INFO http "GET /api/health HTTP/1.1" 200 -
2026-09-06 14:46:48,798 INFO http "GET /api/health HTTP/1.1" 200 -
2026-09-06 14:46:51,308 INFO http "GET /api/health HTTP/1.1" 200 -
2026-09-06 14:46:53,799 INFO http "GET /api/health HTTP/1.1" 200 -
2026-09-06 14:46:56,295 INFO http "GET /api/health HTTP/1.1" 200 -
2026-09-06 14:46:58,789 INFO http "GET /api/health HTTP/1.1" 200 -
2026-09-06 14:47:01,294 INFO http "GET /api/health HTTP/1.1" 200 -
2026-09-06 14:47:03,802 INFO http "GET /api/health HTTP/1.1" 200 -
2026-09-06 14:47:06,296 INFO http "GET /api/health HTTP/1.1" 200 -
2026-09-06 14:47:07,381 INFO http "GET /api/health HTTP/1.1" 200 -
2026-09-06 14:47:08,800 INFO http "GET /api/health HTTP/1.1" 200 -
2026-09-06 14:47:11,296 INFO http "GET /api/health HTTP/1.1" 200 -
2026-09-06 14:47:13,794 INFO http "GET /api/health HTTP/1.1" 200 -
2026-09-06 14:47:16,295 INFO http "GET /api/health HTTP/1.1" 200 -
2026-09-06 14:47:18,802 INFO http "GET /api/health HTTP/1.1" 200 -
2026-09-06 14:47:21,309 INFO http "GET /api/health HTTP/1.1" 200 -
2026-09-06 14:47:23,807 INFO http "GET /api/health HTTP/1.1" 200 -
2026-09-06 14:47:26,296 INFO http "GET /api/health HTTP/1.1" 200 -
2026-09-06 14:47:28,806 INFO http "GET /api/health HTTP/1.1" 200 -
2026-09-06 14:47:31,294 INFO http "GET /api/health HTTP/1.1" 200 -
2026-09-06 14:47:33,800 INFO http "GET /api/health HTTP/1.1" 200 -
2026-09-06 14:47:36,306 INFO http "GET /api/health HTTP/1.1" 200 -
2026-09-06 14:47:38,797 INFO http "GET /api/health HTTP/1.1" 200 -
2026-09-06 14:47:41,302 INFO http "GET /api/health HTTP/1.1" 200 -
2026-09-06 14:47:43,798 INFO http "GET /api/health HTTP/1.1" 200 -
2026-09-06 14:47:46,295 INFO http "GET /api/health HTTP/1.1" 200 -
2026-09-06 14:47:47,078 INFO http "GET /api/health HTTP/1.1" 200 -
2026-09-06 14:47:48,798 INFO http "GET /api/health HTTP/1.1" 200 -
2026-09-06 14:47:51,306 INFO http "GET /api/health HTTP/1.1" 200 -
2026-09-06 14:47:53,795 INFO http "GET /api/health HTTP/1.1" 200 -
2026-09-06 14:47:56,303 INFO http "GET /api/health HTTP/1.1" 200 -
2026-09-06 14:47:58,804 INFO http "GET /api/health HTTP/1.1" 200 -
2026-09-06 14:48:01,297 INFO http "GET /api/health HTTP/1.1" 200 -
2026-09-06 14:48:03,805 INFO http "GET /api/health HTTP/1.1" 200 -
2026-09-06 14:48:06,302 INFO http "GET /api/health HTTP/1.1" 200 -
2026-09-06 14:48:08,799 INFO http "GET /api/health HTTP/1.1" 200 -
2026-09-06 14:48:11,305 INFO http "GET /api/health HTTP/1.1" 200 -
2026-09-06 14:48:13,804 INFO http "GET /api/health HTTP/1.1" 200 -
2026-09-06 14:48:16,303 INFO http "GET /api/health HTTP/1.1" 200 -
2026-09-06 14:48:18,796 INFO http "GET /api/health HTTP/1.1" 200 -
2026-09-06 14:48:21,303 INFO http "GET /api/health HTTP/1.1" 200 -
2026-09-06 14:48:23,797 INFO http "GET /api/health HTTP/1.1" 200 -
2026-09-06 14:49:38,042 INFO http "GET /api/health HTTP/1.1" 200 -
2026-09-06 14:49:47,087 INFO http "GET /api/health HTTP/1.1" 200 -
2026-09-06 14:50:47,088 INFO http "GET /api/health HTTP/1.1" 200 -
2026-09-06 14:51:47,092 INFO http "GET /api/health HTTP/1.1" 200 -
2026-09-06 14:52:12,151 INFO http "GET /api/health HTTP/1.1" 200 -
2026-09-06 14:52:16,198 INFO http "GET / HTTP/1.1" 200 -
2026-09-06 14:52:16,215 INFO http "GET /style.css HTTP/1.1" 200 -
2026-09-06 14:52:16,215 INFO http "GET /format.css HTTP/1.1" 200 -
2026-09-06 14:52:16,215 INFO http "GET /workspace.css HTTP/1.1" 200 -
2026-09-06 14:52:16,216 INFO http "GET /assistant.js HTTP/1.1" 200 -
2026-09-06 14:52:16,217 INFO http "GET /app.js HTTP/1.1" 200 -
2026-09-06 14:52:16,233 INFO http "GET /api/health HTTP/1.1" 200 -
2026-09-06 14:52:16,297 INFO http "GET /api/jobs HTTP/1.1" 200 -
2026-09-06 14:52:16,308 INFO http "GET /api/datasets HTTP/1.1" 200 -
2026-09-06 14:52:16,338 INFO http "GET /api/datasets/cf40e10db38e49bf883406786e2b00c8/dashboard HTTP/1.1" 200 -
2026-09-06 14:52:16,374 INFO http "GET /api/jobs/6b6f5db379c44be48203048c88b14b00/result HTTP/1.1" 200 -
2026-09-06 14:52:18,889 INFO http "GET /api/health HTTP/1.1" 200 -
2026-09-06 14:52:21,399 INFO http "GET /api/health HTTP/1.1" 200 -
2026-09-06 14:52:23,891 INFO http "GET /api/health HTTP/1.1" 200 -
2026-09-06 14:52:26,403 INFO http "GET /api/health HTTP/1.1" 200 -
2026-09-06 14:52:28,904 INFO http "GET /api/health HTTP/1.1" 200 -
2026-09-06 14:52:31,400 INFO http "GET /api/health HTTP/1.1" 200 -
2026-09-06 14:52:33,901 INFO http "GET /api/health HTTP/1.1" 200 -
2026-09-06 14:52:36,411 INFO http "GET /api/health HTTP/1.1" 200 -
2026-09-06 14:52:38,910 INFO http "GET /api/health HTTP/1.1" 200 -
2026-09-06 14:52:41,396 INFO http "GET /api/health HTTP/1.1" 200 -
2026-09-06 14:52:43,891 INFO http "GET /api/health HTTP/1.1" 200 -
2026-09-06 14:52:46,395 INFO http "GET /api/health HTTP/1.1" 200 -
2026-09-06 14:52:48,894 INFO http "GET /api/health HTTP/1.1" 200 -
2026-09-06 14:52:51,394 INFO http "GET /api/health HTTP/1.1" 200 -
2026-09-06 14:52:53,890 INFO http "GET /api/health HTTP/1.1" 200 -
2026-09-06 14:52:56,398 INFO http "GET /api/health HTTP/1.1" 200 -
2026-09-06 14:52:58,896 INFO http "GET /api/health HTTP/1.1" 200 -
2026-09-06 14:53:01,393 INFO http "GET /api/health HTTP/1.1" 200 -
2026-09-06 14:53:03,896 INFO http "GET /api/health HTTP/1.1" 200 -
2026-09-06 14:53:20,176 INFO http "GET /api/health HTTP/1.1" 200 -
2026-09-06 14:53:20,267 INFO http "GET /api/health HTTP/1.1" 200 -
2026-09-06 14:53:20,535 INFO http "GET / HTTP/1.1" 200 -
2026-09-06 14:53:20,542 INFO http "GET /style.css HTTP/1.1" 200 -
2026-09-06 14:53:20,544 INFO http "GET /workspace.css HTTP/1.1" 200 -
2026-09-06 14:53:20,544 INFO http "GET /format.css HTTP/1.1" 200 -
2026-09-06 14:53:20,545 INFO http "GET /assistant.js HTTP/1.1" 200 -
2026-09-06 14:53:20,546 INFO http "GET /app.js HTTP/1.1" 200 -
2026-09-06 14:53:20,583 INFO http "GET /api/health HTTP/1.1" 200 -
2026-09-06 14:53:20,586 INFO http "GET /api/datasets HTTP/1.1" 200 -
2026-09-06 14:53:20,587 INFO http "GET /api/jobs HTTP/1.1" 200 -
2026-09-06 14:53:20,609 INFO http "GET /api/datasets/cf40e10db38e49bf883406786e2b00c8/dashboard HTTP/1.1" 200 -
2026-09-06 14:53:20,650 INFO http "GET /api/jobs/6b6f5db379c44be48203048c88b14b00/result HTTP/1.1" 200 -
2026-09-06 14:53:21,402 INFO http "GET /api/health HTTP/1.1" 200 -
2026-09-06 14:53:23,217 INFO http "GET /api/health HTTP/1.1" 200 -
2026-09-06 14:53:23,899 INFO http "GET /api/health HTTP/1.1" 200 -
2026-09-06 14:53:25,439 INFO http "GET / HTTP/1.1" 200 -
2026-09-06 14:53:25,455 INFO http "GET /style.css HTTP/1.1" 200 -
2026-09-06 14:53:25,456 INFO http "GET /format.css HTTP/1.1" 200 -
2026-09-06 14:53:25,456 INFO http "GET /workspace.css HTTP/1.1" 200 -
2026-09-06 14:53:25,457 INFO http "GET /assistant.js HTTP/1.1" 200 -
2026-09-06 14:53:25,458 INFO http "GET /app.js HTTP/1.1" 200 -
2026-09-06 14:53:25,471 INFO http "GET /api/health HTTP/1.1" 200 -
2026-09-06 14:53:25,487 INFO http "GET /api/datasets HTTP/1.1" 200 -
2026-09-06 14:53:25,488 INFO http "GET /api/jobs HTTP/1.1" 200 -
2026-09-06 14:53:25,517 INFO http "GET /api/datasets/cf40e10db38e49bf883406786e2b00c8/dashboard HTTP/1.1" 200 -
2026-09-06 14:53:25,549 INFO http "GET /api/jobs/6b6f5db379c44be48203048c88b14b00/result HTTP/1.1" 200 -
2026-09-06 14:53:25,699 INFO http "GET /api/health HTTP/1.1" 200 -
2026-09-06 14:53:28,072 INFO http "GET /api/health HTTP/1.1" 200 -
2026-09-06 14:53:28,205 INFO http "GET /api/health HTTP/1.1" 200 -
2026-09-06 14:53:30,564 INFO http "GET /api/health HTTP/1.1" 200 -
2026-09-06 14:53:30,707 INFO http "GET /api/health HTTP/1.1" 200 -
2026-09-06 14:53:33,073 INFO http "GET /api/health HTTP/1.1" 200 -
2026-09-06 14:53:33,216 INFO http "GET /api/health HTTP/1.1" 200 -
2026-09-06 14:53:35,566 INFO http "GET /api/health HTTP/1.1" 200 -
2026-09-06 14:53:35,705 INFO http "GET /api/health HTTP/1.1" 200 -
2026-09-06 14:53:38,064 INFO http "GET /api/health HTTP/1.1" 200 -
2026-09-06 14:53:38,201 INFO http "GET /api/health HTTP/1.1" 200 -
2026-09-06 14:53:40,572 INFO http "GET /api/health HTTP/1.1" 200 -
2026-09-06 14:53:40,704 INFO http "GET /api/health HTTP/1.1" 200 -
2026-09-06 14:53:43,077 INFO http "GET /api/health HTTP/1.1" 200 -
2026-09-06 14:53:43,212 INFO http "GET /api/health HTTP/1.1" 200 -
2026-09-06 14:53:45,563 INFO http "GET /api/health HTTP/1.1" 200 -
2026-09-06 14:53:45,705 INFO http "GET /api/health HTTP/1.1" 200 -
2026-09-06 14:53:48,082 INFO http "GET /api/health HTTP/1.1" 200 -
2026-09-06 14:53:48,204 INFO http "GET /api/health HTTP/1.1" 200 -
2026-09-06 14:53:50,569 INFO http "GET /api/health HTTP/1.1" 200 -
2026-09-06 14:53:50,709 INFO http "GET /api/health HTTP/1.1" 200 -
2026-09-06 14:53:51,682 INFO http "POST /api/jobs HTTP/1.1" 202 -
2026-09-06 14:53:51,762 INFO job_started id=b6618f056cc249419e9470ba6ffc4135 dataset=cf40e10db38e49bf883406786e2b00c8 strategy=balanced station=WF
2026-09-06 14:53:53,071 INFO http "GET /api/health HTTP/1.1" 200 -
2026-09-06 14:53:53,090 INFO http "GET /api/jobs/b6618f056cc249419e9470ba6ffc4135 HTTP/1.1" 200 -
2026-09-06 14:53:53,210 INFO http "GET /api/health HTTP/1.1" 200 -
2026-09-06 14:53:54,795 INFO http "GET /api/jobs/b6618f056cc249419e9470ba6ffc4135 HTTP/1.1" 200 -
2026-09-06 14:53:55,562 INFO http "GET /api/health HTTP/1.1" 200 -
2026-09-06 14:53:55,698 INFO http "GET /api/health HTTP/1.1" 200 -
2026-09-06 14:53:56,503 INFO http "GET /api/jobs/b6618f056cc249419e9470ba6ffc4135 HTTP/1.1" 200 -
2026-09-06 14:53:58,065 INFO http "GET /api/health HTTP/1.1" 200 -
2026-09-06 14:53:58,205 INFO http "GET /api/health HTTP/1.1" 200 -
2026-09-06 14:53:58,223 INFO http "GET /api/jobs/b6618f056cc249419e9470ba6ffc4135 HTTP/1.1" 200 -
2026-09-06 14:53:59,928 INFO http "GET /api/jobs/b6618f056cc249419e9470ba6ffc4135 HTTP/1.1" 200 -
2026-09-06 14:54:00,570 INFO http "GET /api/health HTTP/1.1" 200 -
2026-09-06 14:54:00,711 INFO http "GET /api/health HTTP/1.1" 200 -
2026-09-06 14:54:01,463 INFO job_succeeded id=b6618f056cc249419e9470ba6ffc4135
2026-09-06 14:54:01,640 INFO http "GET /api/jobs/b6618f056cc249419e9470ba6ffc4135 HTTP/1.1" 200 -
2026-09-06 14:54:01,672 INFO http "GET /api/jobs/b6618f056cc249419e9470ba6ffc4135/result HTTP/1.1" 200 -
2026-09-06 14:54:03,076 INFO http "GET /api/health HTTP/1.1" 200 -
2026-09-06 14:54:03,216 INFO http "GET /api/health HTTP/1.1" 200 -
2026-09-06 14:54:05,576 INFO http "GET /api/health HTTP/1.1" 200 -
2026-09-06 14:54:05,716 INFO http "GET /api/health HTTP/1.1" 200 -
2026-09-06 14:54:08,073 INFO http "GET /api/health HTTP/1.1" 200 -
2026-09-06 14:54:08,209 INFO http "GET /api/health HTTP/1.1" 200 -
2026-09-06 14:54:10,579 INFO http "GET /api/health HTTP/1.1" 200 -
2026-09-06 14:54:10,706 INFO http "GET /api/health HTTP/1.1" 200 -
2026-09-06 14:54:13,069 INFO http "GET /api/health HTTP/1.1" 200 -
2026-09-06 14:54:13,208 INFO http "GET /api/health HTTP/1.1" 200 -
2026-09-06 14:54:15,576 INFO http "GET /api/health HTTP/1.1" 200 -
2026-09-06 14:54:15,701 INFO http "GET /api/health HTTP/1.1" 200 -
2026-09-06 14:54:18,075 INFO http "GET /api/health HTTP/1.1" 200 -
2026-09-06 14:54:18,211 INFO http "GET /api/health HTTP/1.1" 200 -
2026-09-06 14:54:20,571 INFO http "GET /api/health HTTP/1.1" 200 -
2026-09-06 14:54:20,709 INFO http "GET /api/health HTTP/1.1" 200 -
2026-09-06 14:54:23,075 INFO http "GET /api/health HTTP/1.1" 200 -
2026-09-06 14:54:23,202 INFO http "GET /api/health HTTP/1.1" 200 -
2026-09-06 14:54:25,577 INFO http "GET /api/health HTTP/1.1" 200 -
2026-09-06 14:54:25,714 INFO http "GET /api/health HTTP/1.1" 200 -
2026-09-06 14:54:28,077 INFO http "GET /api/health HTTP/1.1" 200 -
2026-09-06 14:54:28,204 INFO http "GET /api/health HTTP/1.1" 200 -
2026-09-06 14:54:30,577 INFO http "GET /api/health HTTP/1.1" 200 -
2026-09-06 14:54:30,704 INFO http "GET /api/health HTTP/1.1" 200 -
2026-09-06 14:54:33,073 INFO http "GET /api/health HTTP/1.1" 200 -
2026-09-06 14:54:33,214 INFO http "GET /api/health HTTP/1.1" 200 -
2026-09-06 14:54:35,578 INFO http "GET /api/health HTTP/1.1" 200 -
2026-09-06 14:54:35,711 INFO http "GET /api/health HTTP/1.1" 200 -
2026-09-06 14:54:38,069 INFO http "GET /api/health HTTP/1.1" 200 -
2026-09-06 14:54:38,211 INFO http "GET /api/health HTTP/1.1" 200 -
2026-09-06 14:54:40,577 INFO http "GET /api/health HTTP/1.1" 200 -
2026-09-06 14:54:40,705 INFO http "GET /api/health HTTP/1.1" 200 -
2026-09-06 14:54:43,074 INFO http "GET /api/health HTTP/1.1" 200 -
2026-09-06 14:54:43,201 INFO http "GET /api/health HTTP/1.1" 200 -
2026-09-06 14:54:45,571 INFO http "GET /api/health HTTP/1.1" 200 -
2026-09-06 14:54:45,713 INFO http "GET /api/health HTTP/1.1" 200 -
2026-09-06 14:54:48,070 INFO http "GET /api/health HTTP/1.1" 200 -
2026-09-06 14:54:48,212 INFO http "GET /api/health HTTP/1.1" 200 -
2026-09-06 14:54:50,573 INFO http "GET /api/health HTTP/1.1" 200 -
2026-09-06 14:54:50,700 INFO http "GET /api/health HTTP/1.1" 200 -
2026-09-06 14:54:53,075 INFO http "GET /api/health HTTP/1.1" 200 -
2026-09-06 14:54:53,210 INFO http "GET /api/health HTTP/1.1" 200 -
2026-09-06 14:54:55,573 INFO http "GET /api/health HTTP/1.1" 200 -
2026-09-06 14:54:55,710 INFO http "GET /api/health HTTP/1.1" 200 -
2026-09-06 14:54:58,065 INFO http "GET /api/health HTTP/1.1" 200 -
2026-09-06 14:54:58,208 INFO http "GET /api/health HTTP/1.1" 200 -
2026-09-06 14:55:00,563 INFO http "GET /api/health HTTP/1.1" 200 -
2026-09-06 14:55:00,707 INFO http "GET /api/health HTTP/1.1" 200 -
2026-09-06 14:55:03,067 INFO http "GET /api/health HTTP/1.1" 200 -
2026-09-06 14:55:03,208 INFO http "GET /api/health HTTP/1.1" 200 -
2026-09-06 14:55:05,568 INFO http "GET /api/health HTTP/1.1" 200 -
2026-09-06 14:55:05,710 INFO http "GET /api/health HTTP/1.1" 200 -
2026-09-06 14:55:08,069 INFO http "GET /api/health HTTP/1.1" 200 -
2026-09-06 14:55:08,203 INFO http "GET /api/health HTTP/1.1" 200 -
2026-09-06 14:55:10,566 INFO http "GET /api/health HTTP/1.1" 200 -
2026-09-06 14:55:10,710 INFO http "GET /api/health HTTP/1.1" 200 -
2026-09-06 14:55:13,064 INFO http "GET /api/health HTTP/1.1" 200 -
2026-09-06 14:55:13,206 INFO http "GET /api/health HTTP/1.1" 200 -
2026-09-06 14:55:15,582 INFO http "GET /api/health HTTP/1.1" 200 -
2026-09-06 14:55:15,700 INFO http "GET /api/health HTTP/1.1" 200 -
2026-09-06 14:55:18,078 INFO http "GET /api/health HTTP/1.1" 200 -
2026-09-06 14:55:18,215 INFO http "GET /api/health HTTP/1.1" 200 -
2026-09-06 14:55:20,577 INFO http "GET /api/health HTTP/1.1" 200 -
2026-09-06 14:55:20,713 INFO http "GET /api/health HTTP/1.1" 200 -
2026-09-06 14:55:23,072 INFO http "GET /api/health HTTP/1.1" 200 -
2026-09-06 14:55:23,215 INFO http "GET /api/health HTTP/1.1" 200 -
2026-09-06 14:55:25,579 INFO http "GET /api/health HTTP/1.1" 200 -
2026-09-06 14:55:25,711 INFO http "GET /api/health HTTP/1.1" 200 -
2026-09-06 14:55:28,071 INFO http "GET /api/health HTTP/1.1" 200 -
2026-09-06 14:55:28,213 INFO http "GET /api/health HTTP/1.1" 200 -
2026-09-06 14:55:30,568 INFO http "GET /api/health HTTP/1.1" 200 -
2026-09-06 14:55:30,708 INFO http "GET /api/health HTTP/1.1" 200 -
2026-09-06 14:55:33,077 INFO http "GET /api/health HTTP/1.1" 200 -
2026-09-06 14:55:33,203 INFO http "GET /api/health HTTP/1.1" 200 -
2026-09-06 14:55:35,578 INFO http "GET /api/health HTTP/1.1" 200 -
2026-09-06 14:55:35,704 INFO http "GET /api/health HTTP/1.1" 200 -
2026-09-06 14:55:38,089 INFO http "GET /api/health HTTP/1.1" 200 -
2026-09-06 14:55:38,203 INFO http "GET /api/health HTTP/1.1" 200 -
2026-09-06 14:55:40,565 INFO http "GET /api/health HTTP/1.1" 200 -
2026-09-06 14:55:40,706 INFO http "GET /api/health HTTP/1.1" 200 -
2026-09-06 14:55:43,067 INFO http "GET /api/health HTTP/1.1" 200 -
2026-09-06 14:55:43,199 INFO http "GET /api/health HTTP/1.1" 200 -
2026-09-06 14:55:45,572 INFO http "GET /api/health HTTP/1.1" 200 -
2026-09-06 14:55:45,703 INFO http "GET /api/health HTTP/1.1" 200 -
2026-09-06 14:55:48,067 INFO http "GET /api/health HTTP/1.1" 200 -
2026-09-06 14:55:48,209 INFO http "GET /api/health HTTP/1.1" 200 -
2026-09-06 14:55:50,578 INFO http "GET /api/health HTTP/1.1" 200 -
2026-09-06 14:55:50,704 INFO http "GET /api/health HTTP/1.1" 200 -
2026-09-06 14:55:53,065 INFO http "GET /api/health HTTP/1.1" 200 -
2026-09-06 14:55:53,203 INFO http "GET /api/health HTTP/1.1" 200 -
2026-09-06 14:55:55,578 INFO http "GET /api/health HTTP/1.1" 200 -
2026-09-06 14:55:55,702 INFO http "GET /api/health HTTP/1.1" 200 -
2026-09-06 14:55:58,072 INFO http "GET /api/health HTTP/1.1" 200 -
2026-09-06 14:55:58,211 INFO http "GET /api/health HTTP/1.1" 200 -
2026-09-06 14:56:00,570 INFO http "GET /api/health HTTP/1.1" 200 -
2026-09-06 14:56:00,711 INFO http "GET /api/health HTTP/1.1" 200 -
2026-09-06 14:56:03,076 INFO http "GET /api/health HTTP/1.1" 200 -
2026-09-06 14:56:03,200 INFO http "GET /api/health HTTP/1.1" 200 -
2026-09-06 14:56:05,570 INFO http "GET /api/health HTTP/1.1" 200 -
2026-09-06 14:56:05,710 INFO http "GET /api/health HTTP/1.1" 200 -
2026-09-06 14:56:08,075 INFO http "GET /api/health HTTP/1.1" 200 -
2026-09-06 14:56:08,203 INFO http "GET /api/health HTTP/1.1" 200 -
2026-09-06 14:56:10,565 INFO http "GET /api/health HTTP/1.1" 200 -
2026-09-06 14:56:10,702 INFO http "GET /api/health HTTP/1.1" 200 -
2026-09-06 14:56:13,070 INFO http "GET /api/health HTTP/1.1" 200 -
2026-09-06 14:56:13,201 INFO http "GET /api/health HTTP/1.1" 200 -
2026-09-06 14:56:15,577 INFO http "GET /api/health HTTP/1.1" 200 -
2026-09-06 14:56:15,699 INFO http "GET /api/health HTTP/1.1" 200 -
2026-09-06 14:56:18,067 INFO http "GET /api/health HTTP/1.1" 200 -
2026-09-06 14:56:18,207 INFO http "GET /api/health HTTP/1.1" 200 -
2026-09-06 14:56:20,581 INFO http "GET /api/health HTTP/1.1" 200 -
2026-09-06 14:56:20,701 INFO http "GET /api/health HTTP/1.1" 200 -
2026-09-06 14:56:23,068 INFO http "GET /api/health HTTP/1.1" 200 -
2026-09-06 14:56:23,204 INFO http "GET /api/health HTTP/1.1" 200 -
2026-09-06 14:56:25,575 INFO http "GET /api/health HTTP/1.1" 200 -
2026-09-06 14:56:25,703 INFO http "GET /api/health HTTP/1.1" 200 -
2026-09-06 14:56:28,067 INFO http "GET /api/health HTTP/1.1" 200 -
2026-09-06 14:56:28,211 INFO http "GET /api/health HTTP/1.1" 200 -
2026-09-06 14:56:30,576 INFO http "GET /api/health HTTP/1.1" 200 -
2026-09-06 14:56:30,699 INFO http "GET /api/health HTTP/1.1" 200 -
2026-09-06 14:56:33,077 INFO http "GET /api/health HTTP/1.1" 200 -
2026-09-06 14:56:33,201 INFO http "GET /api/health HTTP/1.1" 200 -
2026-09-06 14:56:35,582 INFO http "GET /api/health HTTP/1.1" 200 -
2026-09-06 14:56:35,703 INFO http "GET /api/health HTTP/1.1" 200 -
2026-09-06 14:56:38,073 INFO http "GET /api/health HTTP/1.1" 200 -
2026-09-06 14:56:38,198 INFO http "GET /api/health HTTP/1.1" 200 -
2026-09-06 14:58:07,575 INFO http "GET /api/health HTTP/1.1" 200 -
2026-09-06 14:58:07,638 INFO http "GET / HTTP/1.1" 200 -
2026-09-06 14:58:07,681 INFO http "GET /style.css HTTP/1.1" 200 -
2026-09-06 14:58:07,681 INFO http "GET /format.css HTTP/1.1" 200 -
2026-09-06 14:58:07,682 INFO http "GET /workspace.css HTTP/1.1" 200 -
2026-09-06 14:58:07,684 INFO http "GET /assistant.js HTTP/1.1" 200 -
2026-09-06 14:58:07,684 INFO http "GET /app.js HTTP/1.1" 200 -
2026-09-06 14:58:07,723 INFO http "GET /api/health HTTP/1.1" 200 -
2026-09-06 14:58:07,728 INFO http "GET /api/datasets HTTP/1.1" 200 -
2026-09-06 14:58:07,728 INFO http "GET /api/jobs HTTP/1.1" 200 -
2026-09-06 14:58:07,748 INFO http "GET /api/datasets/cf40e10db38e49bf883406786e2b00c8/dashboard HTTP/1.1" 200 -
2026-09-06 14:58:07,771 INFO http "GET /api/jobs/b6618f056cc249419e9470ba6ffc4135/result HTTP/1.1" 200 -
2026-09-06 14:58:10,295 INFO http "GET /api/health HTTP/1.1" 200 -
2026-09-06 14:58:12,805 INFO http "GET /api/health HTTP/1.1" 200 -
2026-09-06 14:58:15,294 INFO http "GET /api/health HTTP/1.1" 200 -
2026-09-06 14:58:17,808 INFO http "GET /api/health HTTP/1.1" 200 -
2026-09-06 14:58:20,295 INFO http "GET /api/health HTTP/1.1" 200 -
2026-09-06 14:58:22,260 INFO http "GET /api/health HTTP/1.1" 200 -
2026-09-06 14:58:22,798 INFO http "GET /api/health HTTP/1.1" 200 -
2026-09-06 14:58:25,301 INFO http "GET /api/health HTTP/1.1" 200 -
2026-09-06 14:58:27,804 INFO http "GET /api/health HTTP/1.1" 200 -
2026-09-06 14:58:30,314 INFO http "GET /api/health HTTP/1.1" 200 -
2026-09-06 14:58:32,805 INFO http "GET /api/health HTTP/1.1" 200 -
2026-09-06 14:58:33,410 INFO http "GET /api/jobs HTTP/1.1" 200 -
2026-09-06 14:58:35,305 INFO http "GET /api/health HTTP/1.1" 200 -
2026-09-06 14:58:37,798 INFO http "GET /api/health HTTP/1.1" 200 -
2026-09-06 14:58:40,305 INFO http "GET /api/health HTTP/1.1" 200 -
2026-09-06 14:58:42,803 INFO http "GET /api/health HTTP/1.1" 200 -
2026-09-06 14:58:45,306 INFO http "GET /api/health HTTP/1.1" 200 -
2026-09-06 14:58:47,798 INFO http "GET /api/health HTTP/1.1" 200 -
2026-09-06 14:58:50,294 INFO http "GET /api/health HTTP/1.1" 200 -
2026-09-06 14:58:52,794 INFO http "GET /api/health HTTP/1.1" 200 -
2026-09-06 14:58:55,295 INFO http "GET /api/health HTTP/1.1" 200 -
2026-09-06 14:58:57,804 INFO http "GET /api/health HTTP/1.1" 200 -
2026-09-06 14:59:00,304 INFO http "GET /api/health HTTP/1.1" 200 -
2026-09-06 14:59:02,804 INFO http "GET /api/health HTTP/1.1" 200 -
2026-09-06 14:59:05,295 INFO http "GET /api/health HTTP/1.1" 200 -
2026-09-06 14:59:07,801 INFO http "GET /api/health HTTP/1.1" 200 -
2026-09-06 14:59:10,301 INFO http "GET /api/health HTTP/1.1" 200 -
2026-09-06 14:59:12,799 INFO http "GET /api/health HTTP/1.1" 200 -
2026-09-06 14:59:15,311 INFO http "GET /api/health HTTP/1.1" 200 -
2026-09-06 14:59:16,121 INFO http "POST /api/jobs HTTP/1.1" 202 -
2026-09-06 14:59:16,206 INFO job_started id=3e7b232f9bdb45269b64f86adfcc5b99 dataset=cf40e10db38e49bf883406786e2b00c8 strategy=quick station=
2026-09-06 14:59:17,528 INFO http "GET /api/jobs/3e7b232f9bdb45269b64f86adfcc5b99 HTTP/1.1" 200 -
2026-09-06 14:59:17,799 INFO http "GET /api/health HTTP/1.1" 200 -
2026-09-06 14:59:19,237 INFO http "GET /api/jobs/3e7b232f9bdb45269b64f86adfcc5b99 HTTP/1.1" 200 -
2026-09-06 14:59:20,298 INFO http "GET /api/health HTTP/1.1" 200 -
2026-09-06 14:59:20,950 INFO http "GET /api/jobs/3e7b232f9bdb45269b64f86adfcc5b99 HTTP/1.1" 200 -
2026-09-06 14:59:22,659 INFO http "GET /api/jobs/3e7b232f9bdb45269b64f86adfcc5b99 HTTP/1.1" 200 -
2026-09-06 14:59:22,798 INFO http "GET /api/health HTTP/1.1" 200 -
2026-09-06 14:59:24,369 INFO http "GET /api/jobs/3e7b232f9bdb45269b64f86adfcc5b99 HTTP/1.1" 200 -
2026-09-06 14:59:25,297 INFO http "GET /api/health HTTP/1.1" 200 -
2026-09-06 14:59:26,075 INFO http "GET /api/jobs/3e7b232f9bdb45269b64f86adfcc5b99 HTTP/1.1" 200 -
2026-09-06 14:59:27,781 INFO http "GET /api/jobs/3e7b232f9bdb45269b64f86adfcc5b99 HTTP/1.1" 200 -
2026-09-06 14:59:27,796 INFO http "GET /api/health HTTP/1.1" 200 -
2026-09-06 14:59:29,493 INFO http "GET /api/jobs/3e7b232f9bdb45269b64f86adfcc5b99 HTTP/1.1" 200 -
2026-09-06 14:59:30,298 INFO http "GET /api/health HTTP/1.1" 200 -
2026-09-06 14:59:31,200 INFO http "GET /api/jobs/3e7b232f9bdb45269b64f86adfcc5b99 HTTP/1.1" 200 -
2026-09-06 14:59:32,804 INFO http "GET /api/health HTTP/1.1" 200 -
2026-09-06 14:59:32,909 INFO http "GET /api/jobs/3e7b232f9bdb45269b64f86adfcc5b99 HTTP/1.1" 200 -
2026-09-06 14:59:34,623 INFO http "GET /api/jobs/3e7b232f9bdb45269b64f86adfcc5b99 HTTP/1.1" 200 -
2026-09-06 14:59:35,303 INFO http "GET /api/health HTTP/1.1" 200 -
2026-09-06 14:59:36,327 INFO http "GET /api/jobs/3e7b232f9bdb45269b64f86adfcc5b99 HTTP/1.1" 200 -
2026-09-06 14:59:37,798 INFO http "GET /api/health HTTP/1.1" 200 -
2026-09-06 14:59:38,041 INFO http "GET /api/jobs/3e7b232f9bdb45269b64f86adfcc5b99 HTTP/1.1" 200 -
2026-09-06 14:59:39,749 INFO http "GET /api/jobs/3e7b232f9bdb45269b64f86adfcc5b99 HTTP/1.1" 200 -
2026-09-06 14:59:40,303 INFO http "GET /api/health HTTP/1.1" 200 -
2026-09-06 14:59:41,459 INFO http "GET /api/jobs/3e7b232f9bdb45269b64f86adfcc5b99 HTTP/1.1" 200 -
2026-09-06 14:59:42,798 INFO http "GET /api/health HTTP/1.1" 200 -
2026-09-06 14:59:42,970 INFO job_succeeded id=3e7b232f9bdb45269b64f86adfcc5b99
2026-09-06 14:59:43,178 INFO http "GET /api/jobs/3e7b232f9bdb45269b64f86adfcc5b99 HTTP/1.1" 200 -
2026-09-06 14:59:43,199 INFO http "GET /api/jobs/3e7b232f9bdb45269b64f86adfcc5b99/result HTTP/1.1" 200 -
2026-09-06 14:59:45,295 INFO http "GET /api/health HTTP/1.1" 200 -
2026-09-06 14:59:47,807 INFO http "GET /api/health HTTP/1.1" 200 -
2026-09-06 14:59:50,304 INFO http "GET /api/health HTTP/1.1" 200 -
2026-09-06 14:59:52,798 INFO http "GET /api/health HTTP/1.1" 200 -
2026-09-06 14:59:55,306 INFO http "GET /api/health HTTP/1.1" 200 -
2026-09-06 14:59:57,804 INFO http "GET /api/health HTTP/1.1" 200 -
2026-09-06 15:00:00,307 INFO http "GET /api/health HTTP/1.1" 200 -
2026-09-06 15:00:02,806 INFO http "GET /api/health HTTP/1.1" 200 -
2026-09-06 15:00:05,307 INFO http "GET /api/health HTTP/1.1" 200 -
2026-09-06 15:00:07,794 INFO http "GET /api/health HTTP/1.1" 200 -
2026-09-06 15:00:10,299 INFO http "GET /api/health HTTP/1.1" 200 -
2026-09-06 15:00:12,804 INFO http "GET /api/health HTTP/1.1" 200 -
2026-09-06 15:00:15,310 INFO http "GET /api/health HTTP/1.1" 200 -
2026-09-06 15:00:17,799 INFO http "GET /api/health HTTP/1.1" 200 -
2026-09-06 15:00:20,304 INFO http "GET /api/health HTTP/1.1" 200 -
2026-09-06 15:00:22,803 INFO http "GET /api/health HTTP/1.1" 200 -
2026-09-06 15:00:25,297 INFO http "GET /api/health HTTP/1.1" 200 -
2026-09-06 15:00:27,804 INFO http "GET /api/health HTTP/1.1" 200 -
2026-09-06 15:00:30,301 INFO http "GET /api/health HTTP/1.1" 200 -
2026-09-06 15:00:32,801 INFO http "GET /api/health HTTP/1.1" 200 -
2026-09-06 15:00:35,299 INFO http "GET /api/health HTTP/1.1" 200 -
2026-09-06 15:00:37,762 INFO http "GET /api/health HTTP/1.1" 200 -
2026-09-06 15:00:37,821 INFO http "GET / HTTP/1.1" 200 -
2026-09-06 15:00:37,858 INFO http "GET /style.css HTTP/1.1" 200 -
2026-09-06 15:00:37,858 INFO http "GET /format.css HTTP/1.1" 200 -
2026-09-06 15:00:37,860 INFO http "GET /workspace.css HTTP/1.1" 200 -
2026-09-06 15:00:37,860 INFO http "GET /assistant.js HTTP/1.1" 200 -
2026-09-06 15:00:37,862 INFO http "GET /app.js HTTP/1.1" 200 -
2026-09-06 15:00:37,900 INFO http "GET /api/health HTTP/1.1" 200 -
2026-09-06 15:00:37,904 INFO http "GET /api/datasets HTTP/1.1" 200 -
2026-09-06 15:00:37,904 INFO http "GET /api/jobs HTTP/1.1" 200 -
2026-09-06 15:00:37,924 INFO http "GET /api/datasets/cf40e10db38e49bf883406786e2b00c8/dashboard HTTP/1.1" 200 -
2026-09-06 15:00:37,951 INFO http "GET /api/jobs/3e7b232f9bdb45269b64f86adfcc5b99/result HTTP/1.1" 200 -
2026-09-06 15:04:48,912 INFO http "GET /api/health HTTP/1.1" 200 -
2026-09-06 15:05:20,171 INFO http "GET /api/health HTTP/1.1" 200 -
2026-09-06 15:07:38,460 INFO http "GET /api/health HTTP/1.1" 200 -
2026-09-06 15:07:38,611 INFO http "GET / HTTP/1.1" 200 -
2026-09-06 15:07:38,653 INFO http "GET /style.css HTTP/1.1" 200 -
2026-09-06 15:07:38,654 INFO http "GET /format.css HTTP/1.1" 200 -
2026-09-06 15:07:38,654 INFO http "GET /workspace.css HTTP/1.1" 200 -
2026-09-06 15:07:38,657 INFO http "GET /assistant.js HTTP/1.1" 200 -
2026-09-06 15:07:38,657 INFO http "GET /app.js HTTP/1.1" 200 -
2026-09-06 15:07:38,663 INFO http "GET /api/health HTTP/1.1" 200 -
2026-09-06 15:07:38,701 INFO http "GET /api/datasets HTTP/1.1" 200 -
2026-09-06 15:07:38,701 INFO http "GET /api/jobs HTTP/1.1" 200 -
2026-09-06 15:07:38,723 INFO http "GET /api/datasets/cf40e10db38e49bf883406786e2b00c8/dashboard HTTP/1.1" 200 -
2026-09-06 15:07:38,756 INFO http "GET /api/jobs/3e7b232f9bdb45269b64f86adfcc5b99/result HTTP/1.1" 200 -
2026-09-06 15:07:41,286 INFO http "GET /api/health HTTP/1.1" 200 -
2026-09-06 15:07:43,793 INFO http "GET /api/health HTTP/1.1" 200 -
2026-09-06 15:07:46,296 INFO http "GET /api/health HTTP/1.1" 200 -
2026-09-06 15:07:48,062 INFO http "GET / HTTP/1.1" 200 -
2026-09-06 15:07:48,070 INFO http "GET /style.css HTTP/1.1" 200 -
2026-09-06 15:07:48,071 INFO http "GET /format.css HTTP/1.1" 200 -
2026-09-06 15:07:48,071 INFO http "GET /workspace.css HTTP/1.1" 200 -
2026-09-06 15:07:48,075 INFO http "GET /assistant.js HTTP/1.1" 200 -
2026-09-06 15:07:48,075 INFO http "GET /app.js HTTP/1.1" 200 -
2026-09-06 15:07:48,136 INFO http "GET /api/health HTTP/1.1" 200 -
2026-09-06 15:07:48,217 INFO http "GET /api/datasets HTTP/1.1" 200 -
2026-09-06 15:07:48,217 INFO http "GET /api/jobs HTTP/1.1" 200 -
2026-09-06 15:07:48,235 INFO http "GET /api/datasets/cf40e10db38e49bf883406786e2b00c8/dashboard HTTP/1.1" 200 -
2026-09-06 15:07:48,264 INFO http "GET /api/jobs/3e7b232f9bdb45269b64f86adfcc5b99/result HTTP/1.1" 200 -
2026-09-06 15:07:48,795 INFO http "GET /api/health HTTP/1.1" 200 -
2026-09-06 15:07:50,783 INFO http "GET /api/health HTTP/1.1" 200 -
2026-09-06 15:07:53,281 INFO http "GET /api/health HTTP/1.1" 200 -
2026-09-06 15:07:55,778 INFO http "GET /api/health HTTP/1.1" 200 -
2026-09-06 15:07:58,284 INFO http "GET /api/health HTTP/1.1" 200 -
2026-09-06 15:08:00,782 INFO http "GET /api/health HTTP/1.1" 200 -
2026-09-06 15:08:03,281 INFO http "GET /api/health HTTP/1.1" 200 -
2026-09-06 15:08:05,797 INFO http "GET /api/health HTTP/1.1" 200 -
2026-09-06 15:08:08,281 INFO http "GET /api/health HTTP/1.1" 200 -
2026-09-06 15:08:10,782 INFO http "GET /api/health HTTP/1.1" 200 -
2026-09-06 15:08:13,281 INFO http "GET /api/health HTTP/1.1" 200 -
2026-09-06 15:08:15,799 INFO http "GET /api/health HTTP/1.1" 200 -
2026-09-06 15:08:18,292 INFO http "GET /api/health HTTP/1.1" 200 -
2026-09-06 15:08:20,792 INFO http "GET /api/health HTTP/1.1" 200 -
2026-09-06 15:08:23,281 INFO http "GET /api/health HTTP/1.1" 200 -
2026-09-06 15:08:25,797 INFO http "GET /api/health HTTP/1.1" 200 -
2026-09-06 15:08:28,280 INFO http "GET /api/health HTTP/1.1" 200 -
2026-09-06 15:08:30,787 INFO http "GET /api/health HTTP/1.1" 200 -
2026-09-06 15:08:33,278 INFO http "GET /api/health HTTP/1.1" 200 -
2026-09-06 15:08:35,778 INFO http "GET /api/health HTTP/1.1" 200 -
2026-09-06 15:08:38,280 INFO http "GET /api/health HTTP/1.1" 200 -
2026-09-06 15:08:40,779 INFO http "GET /api/health HTTP/1.1" 200 -
2026-09-06 15:08:43,283 INFO http "GET /api/health HTTP/1.1" 200 -
2026-09-06 15:08:45,789 INFO http "GET /api/health HTTP/1.1" 200 -
2026-09-06 15:08:48,287 INFO http "GET /api/health HTTP/1.1" 200 -
2026-09-06 15:08:50,779 INFO http "GET /api/health HTTP/1.1" 200 -
2026-09-06 15:08:53,294 INFO http "GET /api/health HTTP/1.1" 200 -
2026-09-06 15:08:55,783 INFO http "GET /api/health HTTP/1.1" 200 -
2026-09-06 15:08:58,281 INFO http "GET /api/health HTTP/1.1" 200 -
2026-09-06 15:09:00,788 INFO http "GET /api/health HTTP/1.1" 200 -
2026-09-06 15:09:03,292 INFO http "GET /api/health HTTP/1.1" 200 -
2026-09-06 15:09:05,785 INFO http "GET /api/health HTTP/1.1" 200 -
2026-09-06 15:09:08,291 INFO http "GET /api/health HTTP/1.1" 200 -
2026-09-06 15:09:10,792 INFO http "GET /api/health HTTP/1.1" 200 -
2026-09-06 15:09:13,288 INFO http "GET /api/health HTTP/1.1" 200 -
2026-09-06 15:09:15,791 INFO http "GET /api/health HTTP/1.1" 200 -
2026-09-06 15:09:18,277 INFO http "GET /api/health HTTP/1.1" 200 -
2026-09-06 15:09:20,785 INFO http "GET /api/health HTTP/1.1" 200 -
2026-09-06 15:09:23,286 INFO http "GET /api/health HTTP/1.1" 200 -
2026-09-06 15:09:25,781 INFO http "GET /api/health HTTP/1.1" 200 -
2026-09-06 15:09:28,277 INFO http "GET /api/health HTTP/1.1" 200 -
2026-09-06 15:09:30,783 INFO http "GET /api/health HTTP/1.1" 200 -
2026-09-06 15:09:33,284 INFO http "GET /api/health HTTP/1.1" 200 -
2026-09-06 15:09:35,790 INFO http "GET /api/health HTTP/1.1" 200 -
2026-09-06 15:09:38,293 INFO http "GET /api/health HTTP/1.1" 200 -
2026-09-06 15:09:40,791 INFO http "GET /api/health HTTP/1.1" 200 -
2026-09-06 15:09:42,849 INFO http "GET /api/health HTTP/1.1" 200 -
2026-09-06 15:09:42,987 INFO http "GET / HTTP/1.1" 200 -
2026-09-06 15:09:43,020 INFO http "GET /format.css HTTP/1.1" 200 -
2026-09-06 15:09:43,020 INFO http "GET /style.css HTTP/1.1" 200 -
2026-09-06 15:09:43,022 INFO http "GET /workspace.css HTTP/1.1" 200 -
2026-09-06 15:09:43,024 INFO http "GET /assistant.js HTTP/1.1" 200 -
2026-09-06 15:09:43,024 INFO http "GET /app.js HTTP/1.1" 200 -
2026-09-06 15:09:43,030 INFO http "GET /api/health HTTP/1.1" 200 -
2026-09-06 15:09:43,066 INFO http "GET /api/datasets HTTP/1.1" 200 -
2026-09-06 15:09:43,066 INFO http "GET /api/jobs HTTP/1.1" 200 -
2026-09-06 15:09:43,086 INFO http "GET /api/datasets/cf40e10db38e49bf883406786e2b00c8/dashboard HTTP/1.1" 200 -
2026-09-06 15:09:43,116 INFO http "GET /api/jobs/3e7b232f9bdb45269b64f86adfcc5b99/result HTTP/1.1" 200 -
2026-09-06 15:09:43,280 INFO http "GET /api/health HTTP/1.1" 200 -
2026-09-06 15:09:45,647 INFO http "GET /api/health HTTP/1.1" 200 -
2026-09-06 15:09:45,793 INFO http "GET /api/health HTTP/1.1" 200 -
2026-09-06 15:09:48,148 INFO http "GET /api/health HTTP/1.1" 200 -
2026-09-06 15:09:48,293 INFO http "GET /api/health HTTP/1.1" 200 -
2026-09-06 15:09:50,646 INFO http "GET /api/health HTTP/1.1" 200 -
2026-09-06 15:09:50,788 INFO http "GET /api/health HTTP/1.1" 200 -
2026-09-06 15:09:53,143 INFO http "GET /api/health HTTP/1.1" 200 -
2026-09-06 15:09:53,283 INFO http "GET /api/health HTTP/1.1" 200 -
2026-09-06 15:09:55,642 INFO http "GET /api/health HTTP/1.1" 200 -
2026-09-06 15:09:55,781 INFO http "GET /api/health HTTP/1.1" 200 -
2026-09-06 15:09:58,147 INFO http "GET /api/health HTTP/1.1" 200 -
2026-09-06 15:09:58,285 INFO http "GET /api/health HTTP/1.1" 200 -
2026-09-06 15:10:00,655 INFO http "GET /api/health HTTP/1.1" 200 -
2026-09-06 15:10:00,793 INFO http "GET /api/health HTTP/1.1" 200 -
2026-09-06 15:10:03,154 INFO http "GET /api/health HTTP/1.1" 200 -
2026-09-06 15:10:03,296 INFO http "GET /api/health HTTP/1.1" 200 -
2026-09-06 15:10:05,651 INFO http "GET /api/health HTTP/1.1" 200 -
2026-09-06 15:10:05,791 INFO http "GET /api/health HTTP/1.1" 200 -
2026-09-06 15:10:08,145 INFO http "GET /api/health HTTP/1.1" 200 -
2026-09-06 15:10:08,289 INFO http "GET /api/health HTTP/1.1" 200 -
2026-09-06 15:10:10,646 INFO http "GET /api/health HTTP/1.1" 200 -
2026-09-06 15:10:10,783 INFO http "GET /api/health HTTP/1.1" 200 -
2026-09-06 15:10:13,143 INFO http "GET /api/health HTTP/1.1" 200 -
2026-09-06 15:10:13,290 INFO http "GET /api/health HTTP/1.1" 200 -
2026-09-06 15:10:15,661 INFO http "GET /api/health HTTP/1.1" 200 -
2026-09-06 15:10:15,786 INFO http "GET /api/health HTTP/1.1" 200 -
2026-09-06 15:10:18,157 INFO http "GET /api/health HTTP/1.1" 200 -
2026-09-06 15:10:18,295 INFO http "GET /api/health HTTP/1.1" 200 -
2026-09-06 15:10:20,655 INFO http "GET /api/health HTTP/1.1" 200 -
2026-09-06 15:10:20,781 INFO http "GET /api/health HTTP/1.1" 200 -
2026-09-06 15:10:23,156 INFO http "GET /api/health HTTP/1.1" 200 -
2026-09-06 15:10:23,282 INFO http "GET /api/health HTTP/1.1" 200 -
2026-09-06 15:10:25,653 INFO http "GET /api/health HTTP/1.1" 200 -
2026-09-06 15:10:25,791 INFO http "GET /api/health HTTP/1.1" 200 -
2026-09-06 15:10:28,153 INFO http "GET /api/health HTTP/1.1" 200 -
2026-09-06 15:10:28,291 INFO http "GET /api/health HTTP/1.1" 200 -
2026-09-06 15:10:30,648 INFO http "GET /api/health HTTP/1.1" 200 -
2026-09-06 15:10:30,789 INFO http "GET /api/health HTTP/1.1" 200 -
2026-09-06 15:10:33,155 INFO http "GET /api/health HTTP/1.1" 200 -
2026-09-06 15:10:33,294 INFO http "GET /api/health HTTP/1.1" 200 -
2026-09-06 15:10:35,661 INFO http "GET /api/health HTTP/1.1" 200 -
2026-09-06 15:10:35,786 INFO http "GET /api/health HTTP/1.1" 200 -
2026-09-06 15:10:38,156 INFO http "GET /api/health HTTP/1.1" 200 -
2026-09-06 15:10:38,277 INFO http "GET /api/health HTTP/1.1" 200 -
2026-09-06 15:10:40,646 INFO http "GET /api/health HTTP/1.1" 200 -
2026-09-06 15:10:40,788 INFO http "GET /api/health HTTP/1.1" 200 -
2026-09-06 15:10:43,159 INFO http "GET /api/health HTTP/1.1" 200 -
2026-09-06 15:10:43,281 INFO http "GET /api/health HTTP/1.1" 200 -
2026-09-06 15:10:45,657 INFO http "GET /api/health HTTP/1.1" 200 -
2026-09-06 15:10:45,784 INFO http "GET /api/health HTTP/1.1" 200 -
2026-09-06 15:10:48,154 INFO http "GET /api/health HTTP/1.1" 200 -
2026-09-06 15:10:48,295 INFO http "GET /api/health HTTP/1.1" 200 -
2026-09-06 15:10:50,652 INFO http "GET /api/health HTTP/1.1" 200 -
2026-09-06 15:10:50,797 INFO http "GET /api/health HTTP/1.1" 200 -
2026-09-06 15:10:53,159 INFO http "GET /api/health HTTP/1.1" 200 -
2026-09-06 15:10:53,280 INFO http "GET /api/health HTTP/1.1" 200 -
2026-09-06 15:10:55,645 INFO http "GET /api/health HTTP/1.1" 200 -
2026-09-06 15:10:55,788 INFO http "GET /api/health HTTP/1.1" 200 -
2026-09-06 15:10:58,155 INFO http "GET /api/health HTTP/1.1" 200 -
2026-09-06 15:10:58,284 INFO http "GET /api/health HTTP/1.1" 200 -
2026-09-06 15:11:00,646 INFO http "GET /api/health HTTP/1.1" 200 -
2026-09-06 15:11:00,785 INFO http "GET /api/health HTTP/1.1" 200 -
2026-09-06 15:11:03,154 INFO http "GET /api/health HTTP/1.1" 200 -
2026-09-06 15:11:03,282 INFO http "GET /api/health HTTP/1.1" 200 -
2026-09-06 15:11:05,654 INFO http "GET /api/health HTTP/1.1" 200 -
2026-09-06 15:11:05,779 INFO http "GET /api/health HTTP/1.1" 200 -
2026-09-06 15:11:08,144 INFO http "GET /api/health HTTP/1.1" 200 -
2026-09-06 15:11:08,289 INFO http "GET /api/health HTTP/1.1" 200 -
2026-09-06 15:11:10,642 INFO http "GET /api/health HTTP/1.1" 200 -
2026-09-06 15:11:10,778 INFO http "GET /api/health HTTP/1.1" 200 -
2026-09-06 15:11:13,157 INFO http "GET /api/health HTTP/1.1" 200 -
2026-09-06 15:11:13,294 INFO http "GET /api/health HTTP/1.1" 200 -
2026-09-06 15:11:15,649 INFO http "GET /api/health HTTP/1.1" 200 -
2026-09-06 15:11:15,792 INFO http "GET /api/health HTTP/1.1" 200 -
2026-09-06 15:11:18,145 INFO http "GET /api/health HTTP/1.1" 200 -
2026-09-06 15:11:18,287 INFO http "GET /api/health HTTP/1.1" 200 -
2026-09-06 15:11:20,647 INFO http "GET /api/health HTTP/1.1" 200 -
2026-09-06 15:11:20,785 INFO http "GET /api/health HTTP/1.1" 200 -
2026-09-06 15:11:23,152 INFO http "GET /api/health HTTP/1.1" 200 -
2026-09-06 15:11:23,278 INFO http "GET /api/health HTTP/1.1" 200 -
2026-09-06 15:11:25,655 INFO http "GET /api/health HTTP/1.1" 200 -
2026-09-06 15:11:25,778 INFO http "GET /api/health HTTP/1.1" 200 -
2026-09-06 15:11:28,146 INFO http "GET /api/health HTTP/1.1" 200 -
2026-09-06 15:11:28,290 INFO http "GET /api/health HTTP/1.1" 200 -
2026-09-06 15:11:30,644 INFO http "GET /api/health HTTP/1.1" 200 -
2026-09-06 15:11:30,782 INFO http "GET /api/health HTTP/1.1" 200 -
2026-09-06 15:11:33,155 INFO http "GET /api/health HTTP/1.1" 200 -
2026-09-06 15:11:33,280 INFO http "GET /api/health HTTP/1.1" 200 -
2026-09-06 15:11:35,651 INFO http "GET /api/health HTTP/1.1" 200 -
2026-09-06 15:11:35,792 INFO http "GET /api/health HTTP/1.1" 200 -
2026-09-06 15:11:38,146 INFO http "GET /api/health HTTP/1.1" 200 -
2026-09-06 15:11:38,283 INFO http "GET /api/health HTTP/1.1" 200 -
2026-09-06 15:11:40,650 INFO http "GET /api/health HTTP/1.1" 200 -
2026-09-06 15:11:40,790 INFO http "GET /api/health HTTP/1.1" 200 -
2026-09-06 15:11:43,152 INFO http "GET /api/health HTTP/1.1" 200 -
2026-09-06 15:11:43,278 INFO http "GET /api/health HTTP/1.1" 200 -
2026-09-06 15:11:45,656 INFO http "GET /api/health HTTP/1.1" 200 -
2026-09-06 15:11:45,779 INFO http "GET /api/health HTTP/1.1" 200 -
2026-09-06 15:11:48,155 INFO http "GET /api/health HTTP/1.1" 200 -
2026-09-06 15:11:48,293 INFO http "GET /api/health HTTP/1.1" 200 -
2026-09-06 15:11:50,659 INFO http "GET /api/health HTTP/1.1" 200 -
2026-09-06 15:11:50,786 INFO http "GET /api/health HTTP/1.1" 200 -
2026-09-06 15:11:53,145 INFO http "GET /api/health HTTP/1.1" 200 -
2026-09-06 15:11:53,288 INFO http "GET /api/health HTTP/1.1" 200 -
2026-09-06 15:11:55,645 INFO http "GET /api/health HTTP/1.1" 200 -
2026-09-06 15:11:55,786 INFO http "GET /api/health HTTP/1.1" 200 -
2026-09-06 15:11:58,156 INFO http "GET /api/health HTTP/1.1" 200 -
2026-09-06 15:11:58,293 INFO http "GET /api/health HTTP/1.1" 200 -
2026-09-06 15:12:00,657 INFO http "GET /api/health HTTP/1.1" 200 -
2026-09-06 15:12:00,783 INFO http "GET /api/health HTTP/1.1" 200 -
2026-09-06 15:12:03,155 INFO http "GET /api/health HTTP/1.1" 200 -
2026-09-06 15:12:03,295 INFO http "GET /api/health HTTP/1.1" 200 -
2026-09-06 15:12:05,657 INFO http "GET /api/health HTTP/1.1" 200 -
2026-09-06 15:12:05,779 INFO http "GET /api/health HTTP/1.1" 200 -
2026-09-06 15:12:08,153 INFO http "GET /api/health HTTP/1.1" 200 -
2026-09-06 15:12:08,282 INFO http "GET /api/health HTTP/1.1" 200 -
2026-09-06 15:12:10,652 INFO http "GET /api/health HTTP/1.1" 200 -
2026-09-06 15:12:10,793 INFO http "GET /api/health HTTP/1.1" 200 -
2026-09-06 15:12:13,149 INFO http "GET /api/health HTTP/1.1" 200 -
2026-09-06 15:12:13,288 INFO http "GET /api/health HTTP/1.1" 200 -
2026-09-06 15:12:15,655 INFO http "GET /api/health HTTP/1.1" 200 -
2026-09-06 15:12:15,777 INFO http "GET /api/health HTTP/1.1" 200 -
2026-09-06 15:12:18,153 INFO http "GET /api/health HTTP/1.1" 200 -
2026-09-06 15:12:18,291 INFO http "GET /api/health HTTP/1.1" 200 -
2026-09-06 15:12:20,656 INFO http "GET /api/health HTTP/1.1" 200 -
2026-09-06 15:12:20,797 INFO http "GET /api/health HTTP/1.1" 200 -
2026-09-06 15:12:23,144 INFO http "GET /api/health HTTP/1.1" 200 -
2026-09-06 15:12:23,287 INFO http "GET /api/health HTTP/1.1" 200 -
2026-09-06 15:12:25,657 INFO http "GET /api/health HTTP/1.1" 200 -
2026-09-06 15:12:25,782 INFO http "GET /api/health HTTP/1.1" 200 -
2026-09-06 15:12:28,154 INFO http "GET /api/health HTTP/1.1" 200 -
2026-09-06 15:12:28,293 INFO http "GET /api/health HTTP/1.1" 200 -
2026-09-06 15:12:30,653 INFO http "GET /api/health HTTP/1.1" 200 -
2026-09-06 15:12:30,791 INFO http "GET /api/health HTTP/1.1" 200 -
2026-09-06 15:12:33,157 INFO http "GET /api/health HTTP/1.1" 200 -
2026-09-06 15:12:33,282 INFO http "GET /api/health HTTP/1.1" 200 -
2026-09-06 15:12:35,649 INFO http "GET /api/health HTTP/1.1" 200 -
2026-09-06 15:12:35,794 INFO http "GET /api/health HTTP/1.1" 200 -
2026-09-06 15:12:38,160 INFO http "GET /api/health HTTP/1.1" 200 -
2026-09-06 15:12:38,285 INFO http "GET /api/health HTTP/1.1" 200 -
2026-09-06 15:12:40,649 INFO http "GET /api/health HTTP/1.1" 200 -
2026-09-06 15:12:40,787 INFO http "GET /api/health HTTP/1.1" 200 -
2026-09-06 15:12:43,154 INFO http "GET /api/health HTTP/1.1" 200 -
2026-09-06 15:12:43,296 INFO http "GET /api/health HTTP/1.1" 200 -
2026-09-06 15:12:45,649 INFO http "GET /api/health HTTP/1.1" 200 -
2026-09-06 15:12:45,781 INFO http "GET /api/health HTTP/1.1" 200 -
2026-09-06 15:12:48,146 INFO http "GET /api/health HTTP/1.1" 200 -
2026-09-06 15:12:48,284 INFO http "GET /api/health HTTP/1.1" 200 -
2026-09-06 15:12:50,654 INFO http "GET /api/health HTTP/1.1" 200 -
2026-09-06 15:12:50,783 INFO http "GET /api/health HTTP/1.1" 200 -
2026-09-06 15:12:53,157 INFO http "GET /api/health HTTP/1.1" 200 -
2026-09-06 15:12:53,280 INFO http "GET /api/health HTTP/1.1" 200 -
2026-09-06 15:12:55,648 INFO http "GET /api/health HTTP/1.1" 200 -
2026-09-06 15:12:55,778 INFO http "GET /api/health HTTP/1.1" 200 -
2026-09-06 15:12:58,146 INFO http "GET /api/health HTTP/1.1" 200 -
2026-09-06 15:12:58,289 INFO http "GET /api/health HTTP/1.1" 200 -
2026-09-06 15:13:00,650 INFO http "GET /api/health HTTP/1.1" 200 -
2026-09-06 15:13:00,787 INFO http "GET /api/health HTTP/1.1" 200 -
2026-09-06 15:13:03,153 INFO http "GET /api/health HTTP/1.1" 200 -
2026-09-06 15:13:03,279 INFO http "GET /api/health HTTP/1.1" 200 -
2026-09-06 15:13:05,647 INFO http "GET /api/health HTTP/1.1" 200 -
2026-09-06 15:13:05,794 INFO http "GET /api/health HTTP/1.1" 200 -
2026-09-06 15:13:08,146 INFO http "GET /api/health HTTP/1.1" 200 -
2026-09-06 15:13:08,290 INFO http "GET /api/health HTTP/1.1" 200 -
2026-09-06 15:13:10,646 INFO http "GET /api/health HTTP/1.1" 200 -
2026-09-06 15:13:10,790 INFO http "GET /api/health HTTP/1.1" 200 -
2026-09-06 15:13:13,154 INFO http "GET /api/health HTTP/1.1" 200 -
2026-09-06 15:13:13,280 INFO http "GET /api/health HTTP/1.1" 200 -
2026-09-06 15:13:15,659 INFO http "GET /api/health HTTP/1.1" 200 -
2026-09-06 15:13:15,783 INFO http "GET /api/health HTTP/1.1" 200 -
2026-09-06 15:13:18,150 INFO http "GET /api/health HTTP/1.1" 200 -
2026-09-06 15:13:18,293 INFO http "GET /api/health HTTP/1.1" 200 -
2026-09-06 15:13:20,656 INFO http "GET /api/health HTTP/1.1" 200 -
2026-09-06 15:13:20,778 INFO http "GET /api/health HTTP/1.1" 200 -
2026-09-06 15:13:23,156 INFO http "GET /api/health HTTP/1.1" 200 -
2026-09-06 15:13:23,285 INFO http "GET /api/health HTTP/1.1" 200 -
2026-09-06 15:13:25,659 INFO http "GET /api/health HTTP/1.1" 200 -
2026-09-06 15:13:25,779 INFO http "GET /api/health HTTP/1.1" 200 -
2026-09-06 15:13:28,147 INFO http "GET /api/health HTTP/1.1" 200 -
2026-09-06 15:13:28,289 INFO http "GET /api/health HTTP/1.1" 200 -
2026-09-06 15:13:30,647 INFO http "GET /api/health HTTP/1.1" 200 -
2026-09-06 15:13:30,791 INFO http "GET /api/health HTTP/1.1" 200 -
2026-09-06 15:13:33,152 INFO http "GET /api/health HTTP/1.1" 200 -
2026-09-06 15:13:33,292 INFO http "GET /api/health HTTP/1.1" 200 -
2026-09-06 15:13:35,645 INFO http "GET /api/health HTTP/1.1" 200 -
2026-09-06 15:13:35,790 INFO http "GET /api/health HTTP/1.1" 200 -
2026-09-06 15:13:38,156 INFO http "GET /api/health HTTP/1.1" 200 -
2026-09-06 15:13:38,280 INFO http "GET /api/health HTTP/1.1" 200 -
2026-09-06 15:13:40,642 INFO http "GET /api/health HTTP/1.1" 200 -
2026-09-06 15:13:40,780 INFO http "GET /api/health HTTP/1.1" 200 -
2026-09-06 15:13:43,158 INFO http "GET /api/health HTTP/1.1" 200 -
2026-09-06 15:13:43,283 INFO http "GET /api/health HTTP/1.1" 200 -
2026-09-06 15:13:45,651 INFO http "GET /api/health HTTP/1.1" 200 -
2026-09-06 15:13:45,793 INFO http "GET /api/health HTTP/1.1" 200 -
2026-09-06 15:13:48,151 INFO http "GET /api/health HTTP/1.1" 200 -
2026-09-06 15:13:48,295 INFO http "GET /api/health HTTP/1.1" 200 -
2026-09-06 15:13:50,651 INFO http "GET /api/health HTTP/1.1" 200 -
2026-09-06 15:13:50,778 INFO http "GET /api/health HTTP/1.1" 200 -
2026-09-06 15:13:53,148 INFO http "GET /api/health HTTP/1.1" 200 -
2026-09-06 15:13:53,288 INFO http "GET /api/health HTTP/1.1" 200 -
2026-09-06 15:13:55,656 INFO http "GET /api/health HTTP/1.1" 200 -
2026-09-06 15:13:55,777 INFO http "GET /api/health HTTP/1.1" 200 -
2026-09-06 15:13:58,150 INFO http "GET /api/health HTTP/1.1" 200 -
2026-09-06 15:13:58,290 INFO http "GET /api/health HTTP/1.1" 200 -
2026-09-06 15:14:00,651 INFO http "GET /api/health HTTP/1.1" 200 -
2026-09-06 15:14:00,788 INFO http "GET /api/health HTTP/1.1" 200 -
2026-09-06 15:14:03,145 INFO http "GET /api/health HTTP/1.1" 200 -
2026-09-06 15:14:03,290 INFO http "GET /api/health HTTP/1.1" 200 -
2026-09-06 15:14:05,648 INFO http "GET /api/health HTTP/1.1" 200 -
2026-09-06 15:14:05,790 INFO http "GET /api/health HTTP/1.1" 200 -
2026-09-06 15:14:08,145 INFO http "GET /api/health HTTP/1.1" 200 -
2026-09-06 15:14:08,291 INFO http "GET /api/health HTTP/1.1" 200 -
2026-09-06 15:14:10,650 INFO http "GET /api/health HTTP/1.1" 200 -
2026-09-06 15:14:10,792 INFO http "GET /api/health HTTP/1.1" 200 -
2026-09-06 15:14:13,146 INFO http "GET /api/health HTTP/1.1" 200 -
2026-09-06 15:14:13,285 INFO http "GET /api/health HTTP/1.1" 200 -
2026-09-06 15:14:15,651 INFO http "GET /api/health HTTP/1.1" 200 -
2026-09-06 15:14:15,791 INFO http "GET /api/health HTTP/1.1" 200 -
2026-09-06 15:14:18,161 INFO http "GET /api/health HTTP/1.1" 200 -
2026-09-06 15:14:18,287 INFO http "GET /api/health HTTP/1.1" 200 -
2026-09-06 15:14:20,648 INFO http "GET /api/health HTTP/1.1" 200 -
2026-09-06 15:14:20,787 INFO http "GET /api/health HTTP/1.1" 200 -
2026-09-06 15:14:23,153 INFO http "GET /api/health HTTP/1.1" 200 -
2026-09-06 15:14:23,279 INFO http "GET /api/health HTTP/1.1" 200 -
2026-09-06 15:14:25,652 INFO http "GET /api/health HTTP/1.1" 200 -
2026-09-06 15:14:25,795 INFO http "GET /api/health HTTP/1.1" 200 -
2026-09-06 15:14:28,148 INFO http "GET /api/health HTTP/1.1" 200 -
2026-09-06 15:14:28,288 INFO http "GET /api/health HTTP/1.1" 200 -
2026-09-06 15:14:30,648 INFO http "GET /api/health HTTP/1.1" 200 -
2026-09-06 15:14:30,788 INFO http "GET /api/health HTTP/1.1" 200 -
2026-09-06 15:14:33,151 INFO http "GET /api/health HTTP/1.1" 200 -
2026-09-06 15:14:33,289 INFO http "GET /api/health HTTP/1.1" 200 -
2026-09-06 15:14:35,657 INFO http "GET /api/health HTTP/1.1" 200 -
2026-09-06 15:14:35,781 INFO http "GET /api/health HTTP/1.1" 200 -
2026-09-06 15:14:38,158 INFO http "GET /api/health HTTP/1.1" 200 -
2026-09-06 15:14:38,282 INFO http "GET /api/health HTTP/1.1" 200 -
2026-09-06 15:14:40,644 INFO http "GET /api/health HTTP/1.1" 200 -
2026-09-06 15:14:40,787 INFO http "GET /api/health HTTP/1.1" 200 -
2026-09-06 15:14:43,149 INFO http "GET /api/health HTTP/1.1" 200 -
2026-09-06 15:14:43,291 INFO http "GET /api/health HTTP/1.1" 200 -
2026-09-06 15:14:45,653 INFO http "GET /api/health HTTP/1.1" 200 -
2026-09-06 15:14:45,793 INFO http "GET /api/health HTTP/1.1" 200 -
2026-09-06 15:14:48,145 INFO http "GET /api/health HTTP/1.1" 200 -
2026-09-06 15:14:48,292 INFO http "GET /api/health HTTP/1.1" 200 -
2026-09-06 15:14:50,649 INFO http "GET /api/health HTTP/1.1" 200 -
2026-09-06 15:14:50,788 INFO http "GET /api/health HTTP/1.1" 200 -
2026-09-06 15:14:53,147 INFO http "GET /api/health HTTP/1.1" 200 -
2026-09-06 15:14:53,283 INFO http "GET /api/health HTTP/1.1" 200 -
2026-09-06 15:14:55,656 INFO http "GET /api/health HTTP/1.1" 200 -
2026-09-06 15:14:55,783 INFO http "GET /api/health HTTP/1.1" 200 -
2026-09-06 15:14:58,147 INFO http "GET /api/health HTTP/1.1" 200 -
2026-09-06 15:14:58,290 INFO http "GET /api/health HTTP/1.1" 200 -
2026-09-06 15:15:00,648 INFO http "GET /api/health HTTP/1.1" 200 -
2026-09-06 15:15:00,790 INFO http "GET /api/health HTTP/1.1" 200 -
2026-09-06 15:15:03,157 INFO http "GET /api/health HTTP/1.1" 200 -
2026-09-06 15:15:03,282 INFO http "GET /api/health HTTP/1.1" 200 -
2026-09-06 15:15:05,647 INFO http "GET /api/health HTTP/1.1" 200 -
2026-09-06 15:15:05,791 INFO http "GET /api/health HTTP/1.1" 200 -
2026-09-06 15:15:08,155 INFO http "GET /api/health HTTP/1.1" 200 -
2026-09-06 15:15:08,294 INFO http "GET /api/health HTTP/1.1" 200 -
2026-09-06 15:15:10,647 INFO http "GET /api/health HTTP/1.1" 200 -
2026-09-06 15:15:10,787 INFO http "GET /api/health HTTP/1.1" 200 -
2026-09-06 15:15:13,144 INFO http "GET /api/health HTTP/1.1" 200 -
2026-09-06 15:15:13,282 INFO http "GET /api/health HTTP/1.1" 200 -
2026-09-06 15:15:15,648 INFO http "GET /api/health HTTP/1.1" 200 -
2026-09-06 15:15:15,793 INFO http "GET /api/health HTTP/1.1" 200 -
2026-09-06 15:15:18,148 INFO http "GET /api/health HTTP/1.1" 200 -
2026-09-06 15:15:18,289 INFO http "GET /api/health HTTP/1.1" 200 -
2026-09-06 15:15:20,653 INFO http "GET /api/health HTTP/1.1" 200 -
2026-09-06 15:15:20,783 INFO http "GET /api/health HTTP/1.1" 200 -
2026-09-06 15:15:23,156 INFO http "GET /api/health HTTP/1.1" 200 -
2026-09-06 15:15:23,279 INFO http "GET /api/health HTTP/1.1" 200 -
2026-09-06 15:15:25,649 INFO http "GET /api/health HTTP/1.1" 200 -
2026-09-06 15:15:25,790 INFO http "GET /api/health HTTP/1.1" 200 -
2026-09-06 15:15:28,156 INFO http "GET /api/health HTTP/1.1" 200 -
2026-09-06 15:15:28,284 INFO http "GET /api/health HTTP/1.1" 200 -
2026-09-06 15:15:30,653 INFO http "GET /api/health HTTP/1.1" 200 -
2026-09-06 15:15:30,779 INFO http "GET /api/health HTTP/1.1" 200 -
2026-09-06 15:15:33,151 INFO http "GET /api/health HTTP/1.1" 200 -
2026-09-06 15:15:33,293 INFO http "GET /api/health HTTP/1.1" 200 -
2026-09-06 15:15:35,652 INFO http "GET /api/health HTTP/1.1" 200 -
2026-09-06 15:15:35,779 INFO http "GET /api/health HTTP/1.1" 200 -
2026-09-06 15:15:38,142 INFO http "GET /api/health HTTP/1.1" 200 -
2026-09-06 15:15:38,283 INFO http "GET /api/health HTTP/1.1" 200 -
2026-09-06 15:15:40,652 INFO http "GET /api/health HTTP/1.1" 200 -
2026-09-06 15:15:40,793 INFO http "GET /api/health HTTP/1.1" 200 -
2026-09-06 15:15:43,159 INFO http "GET /api/health HTTP/1.1" 200 -
2026-09-06 15:15:43,283 INFO http "GET /api/health HTTP/1.1" 200 -
2026-09-06 15:15:45,655 INFO http "GET /api/health HTTP/1.1" 200 -
2026-09-06 15:15:45,795 INFO http "GET /api/health HTTP/1.1" 200 -
2026-09-06 15:15:48,158 INFO http "GET /api/health HTTP/1.1" 200 -
2026-09-06 15:15:48,283 INFO http "GET /api/health HTTP/1.1" 200 -
2026-09-06 15:15:49,243 INFO http "GET / HTTP/1.1" 200 -
2026-09-06 15:15:49,256 INFO http "GET /workspace.css HTTP/1.1" 200 -
2026-09-06 15:15:49,257 INFO http "GET /format.css HTTP/1.1" 200 -
2026-09-06 15:15:49,257 INFO http "GET /style.css HTTP/1.1" 200 -
2026-09-06 15:15:49,258 INFO http "GET /assistant.js HTTP/1.1" 200 -
2026-09-06 15:15:49,258 INFO http "GET /app.js HTTP/1.1" 200 -
2026-09-06 15:15:49,284 INFO http "GET /api/health HTTP/1.1" 200 -
2026-09-06 15:15:49,303 INFO http "GET /api/datasets HTTP/1.1" 200 -
2026-09-06 15:15:49,304 INFO http "GET /api/jobs HTTP/1.1" 200 -
2026-09-06 15:15:49,331 INFO http "GET /api/datasets/cf40e10db38e49bf883406786e2b00c8/dashboard HTTP/1.1" 200 -
2026-09-06 15:15:49,358 INFO http "GET /api/jobs/3e7b232f9bdb45269b64f86adfcc5b99/result HTTP/1.1" 200 -
2026-09-06 15:15:50,651 INFO http "GET /api/health HTTP/1.1" 200 -
2026-09-06 15:15:51,880 INFO http "GET /api/health HTTP/1.1" 200 -
2026-09-06 15:15:53,149 INFO http "GET /api/health HTTP/1.1" 200 -
2026-09-06 15:15:54,389 INFO http "GET /api/health HTTP/1.1" 200 -
2026-09-06 15:15:55,648 INFO http "GET /api/health HTTP/1.1" 200 -
2026-09-06 15:15:56,869 INFO http "GET /api/health HTTP/1.1" 200 -
2026-09-06 15:15:58,144 INFO http "GET /api/health HTTP/1.1" 200 -
2026-09-06 15:15:59,371 INFO http "GET /api/health HTTP/1.1" 200 -
2026-09-06 15:16:00,648 INFO http "GET /api/health HTTP/1.1" 200 -
2026-09-06 15:16:01,885 INFO http "GET /api/health HTTP/1.1" 200 -
2026-09-06 15:16:03,157 INFO http "GET /api/health HTTP/1.1" 200 -
2026-09-06 15:16:04,377 INFO http "GET /api/health HTTP/1.1" 200 -
2026-09-06 15:16:05,649 INFO http "GET /api/health HTTP/1.1" 200 -
2026-09-06 15:16:06,884 INFO http "GET /api/health HTTP/1.1" 200 -
2026-09-06 15:16:08,149 INFO http "GET /api/health HTTP/1.1" 200 -
2026-09-06 15:16:09,385 INFO http "GET /api/health HTTP/1.1" 200 -
2026-09-06 15:16:10,652 INFO http "GET /api/health HTTP/1.1" 200 -
2026-09-06 15:16:11,872 INFO http "GET /api/health HTTP/1.1" 200 -
2026-09-06 15:16:13,152 INFO http "GET /api/health HTTP/1.1" 200 -
2026-09-06 15:16:14,378 INFO http "GET /api/health HTTP/1.1" 200 -
2026-09-06 15:16:15,653 INFO http "GET /api/health HTTP/1.1" 200 -
2026-09-06 15:16:16,878 INFO http "GET /api/health HTTP/1.1" 200 -
2026-09-06 15:16:18,153 INFO http "GET /api/health HTTP/1.1" 200 -
2026-09-06 15:16:19,375 INFO http "GET /api/health HTTP/1.1" 200 -
2026-09-06 15:16:20,645 INFO http "GET /api/health HTTP/1.1" 200 -
2026-09-06 15:16:21,889 INFO http "GET /api/health HTTP/1.1" 200 -
2026-09-06 15:16:23,153 INFO http "GET /api/health HTTP/1.1" 200 -
2026-09-06 15:16:24,374 INFO http "GET /api/health HTTP/1.1" 200 -
2026-09-06 15:16:25,652 INFO http "GET /api/health HTTP/1.1" 200 -
2026-09-06 15:16:26,881 INFO http "GET /api/health HTTP/1.1" 200 -
2026-09-06 15:16:28,147 INFO http "GET /api/health HTTP/1.1" 200 -
2026-09-06 15:16:29,370 INFO http "GET /api/health HTTP/1.1" 200 -
2026-09-06 15:16:30,652 INFO http "GET /api/health HTTP/1.1" 200 -
2026-09-06 15:16:31,871 INFO http "GET /api/health HTTP/1.1" 200 -
2026-09-06 15:16:33,157 INFO http "GET /api/health HTTP/1.1" 200 -
2026-09-06 15:16:34,369 INFO http "GET /api/health HTTP/1.1" 200 -
2026-09-06 15:16:35,656 INFO http "GET /api/health HTTP/1.1" 200 -
2026-09-06 15:16:36,876 INFO http "GET /api/health HTTP/1.1" 200 -
2026-09-06 15:16:38,146 INFO http "GET /api/health HTTP/1.1" 200 -
2026-09-06 15:16:39,382 INFO http "GET /api/health HTTP/1.1" 200 -
2026-09-06 15:16:40,652 INFO http "GET /api/health HTTP/1.1" 200 -
2026-09-06 15:16:41,873 INFO http "GET /api/health HTTP/1.1" 200 -
2026-09-06 15:16:43,142 INFO http "GET /api/health HTTP/1.1" 200 -
2026-09-06 15:16:44,382 INFO http "GET /api/health HTTP/1.1" 200 -
2026-09-06 15:16:45,649 INFO http "GET /api/health HTTP/1.1" 200 -
2026-09-06 15:16:46,882 INFO http "GET /api/health HTTP/1.1" 200 -
2026-09-06 15:16:48,152 INFO http "GET /api/health HTTP/1.1" 200 -
2026-09-06 15:16:49,378 INFO http "GET /api/health HTTP/1.1" 200 -
2026-09-06 15:16:50,643 INFO http "GET /api/health HTTP/1.1" 200 -
2026-09-06 15:16:51,874 INFO http "GET /api/health HTTP/1.1" 200 -
2026-09-06 15:16:53,146 INFO http "GET /api/health HTTP/1.1" 200 -
2026-09-06 15:16:54,383 INFO http "GET /api/health HTTP/1.1" 200 -
2026-09-06 15:16:55,656 INFO http "GET /api/health HTTP/1.1" 200 -
2026-09-06 15:16:56,874 INFO http "GET /api/health HTTP/1.1" 200 -
2026-09-06 15:16:58,142 INFO http "GET /api/health HTTP/1.1" 200 -
2026-09-06 15:16:59,381 INFO http "GET /api/health HTTP/1.1" 200 -
2026-09-06 15:17:00,655 INFO http "GET /api/health HTTP/1.1" 200 -
2026-09-06 15:17:01,251 INFO http "GET / HTTP/1.1" 200 -
2026-09-06 15:17:01,259 INFO http "GET /style.css HTTP/1.1" 200 -
2026-09-06 15:17:01,259 INFO http "GET /format.css HTTP/1.1" 200 -
2026-09-06 15:17:01,259 INFO http "GET /workspace.css HTTP/1.1" 200 -
2026-09-06 15:17:01,260 INFO http "GET /assistant.js HTTP/1.1" 200 -
2026-09-06 15:17:01,260 INFO http "GET /app.js HTTP/1.1" 200 -
2026-09-06 15:17:01,279 INFO http "GET /api/health HTTP/1.1" 200 -
2026-09-06 15:17:01,288 INFO http "GET /api/datasets HTTP/1.1" 200 -
2026-09-06 15:17:01,288 INFO http "GET /api/jobs HTTP/1.1" 200 -
2026-09-06 15:17:01,315 INFO http "GET /api/datasets/cf40e10db38e49bf883406786e2b00c8/dashboard HTTP/1.1" 200 -
2026-09-06 15:17:01,341 INFO http "GET /api/jobs/3e7b232f9bdb45269b64f86adfcc5b99/result HTTP/1.1" 200 -
2026-09-06 15:17:03,146 INFO http "GET /api/health HTTP/1.1" 200 -
2026-09-06 15:17:03,868 INFO http "GET /api/health HTTP/1.1" 200 -
2026-09-06 15:17:05,647 INFO http "GET /api/health HTTP/1.1" 200 -
2026-09-06 15:17:06,351 INFO http "GET /api/health HTTP/1.1" 200 -
2026-09-06 15:17:08,153 INFO http "GET /api/health HTTP/1.1" 200 -
2026-09-06 15:17:08,861 INFO http "GET /api/health HTTP/1.1" 200 -
2026-09-06 15:17:10,648 INFO http "GET /api/health HTTP/1.1" 200 -
2026-09-06 15:17:11,360 INFO http "GET /api/health HTTP/1.1" 200 -
2026-09-06 15:17:13,142 INFO http "GET /api/health HTTP/1.1" 200 -
2026-09-06 15:17:13,863 INFO http "GET /api/health HTTP/1.1" 200 -
2026-09-06 15:17:15,657 INFO http "GET /api/health HTTP/1.1" 200 -
2026-09-06 15:17:16,355 INFO http "GET /api/health HTTP/1.1" 200 -
2026-09-06 15:17:18,156 INFO http "GET /api/health HTTP/1.1" 200 -
2026-09-06 15:17:18,859 INFO http "GET /api/health HTTP/1.1" 200 -
2026-09-06 15:17:20,658 INFO http "GET /api/health HTTP/1.1" 200 -
2026-09-06 15:17:21,357 INFO http "GET /api/health HTTP/1.1" 200 -
2026-09-06 15:17:23,144 INFO http "GET /api/health HTTP/1.1" 200 -
2026-09-06 15:17:23,857 INFO http "GET /api/health HTTP/1.1" 200 -
2026-09-06 15:17:25,658 INFO http "GET /api/health HTTP/1.1" 200 -
2026-09-06 15:17:26,361 INFO http "GET /api/health HTTP/1.1" 200 -
2026-09-06 15:17:28,152 INFO http "GET /api/health HTTP/1.1" 200 -
2026-09-06 15:17:28,855 INFO http "GET /api/health HTTP/1.1" 200 -
2026-09-06 15:17:30,650 INFO http "GET /api/health HTTP/1.1" 200 -
2026-09-06 15:17:31,356 INFO http "GET /api/health HTTP/1.1" 200 -
2026-09-06 15:17:33,154 INFO http "GET /api/health HTTP/1.1" 200 -
2026-09-06 15:17:33,860 INFO http "GET /api/health HTTP/1.1" 200 -
2026-09-06 15:17:35,654 INFO http "GET /api/health HTTP/1.1" 200 -
2026-09-06 15:17:36,363 INFO http "GET /api/health HTTP/1.1" 200 -
2026-09-06 15:17:38,154 INFO http "GET /api/health HTTP/1.1" 200 -
2026-09-06 15:17:38,859 INFO http "GET /api/health HTTP/1.1" 200 -
2026-09-06 15:17:40,657 INFO http "GET /api/health HTTP/1.1" 200 -
2026-09-06 15:17:41,368 INFO http "GET /api/health HTTP/1.1" 200 -
2026-09-06 15:17:43,143 INFO http "GET /api/health HTTP/1.1" 200 -
2026-09-06 15:17:43,867 INFO http "GET /api/health HTTP/1.1" 200 -
2026-09-06 15:17:45,647 INFO http "GET /api/health HTTP/1.1" 200 -
2026-09-06 15:17:46,357 INFO http "GET /api/health HTTP/1.1" 200 -
2026-09-06 15:17:48,151 INFO http "GET /api/health HTTP/1.1" 200 -
2026-09-06 15:17:48,853 INFO http "GET /api/health HTTP/1.1" 200 -
2026-09-06 15:17:50,654 INFO http "GET /api/health HTTP/1.1" 200 -
2026-09-06 15:17:51,362 INFO http "GET /api/health HTTP/1.1" 200 -
2026-09-06 15:17:53,161 INFO http "GET /api/health HTTP/1.1" 200 -
2026-09-06 15:17:53,864 INFO http "GET /api/health HTTP/1.1" 200 -
2026-09-06 15:17:55,658 INFO http "GET /api/health HTTP/1.1" 200 -
2026-09-06 15:17:56,364 INFO http "GET /api/health HTTP/1.1" 200 -
2026-09-06 15:17:58,156 INFO http "GET /api/health HTTP/1.1" 200 -
2026-09-06 15:17:58,865 INFO http "GET /api/health HTTP/1.1" 200 -
2026-09-06 15:18:00,654 INFO http "GET /api/health HTTP/1.1" 200 -
2026-09-06 15:18:01,357 INFO http "GET /api/health HTTP/1.1" 200 -
2026-09-06 15:18:03,147 INFO http "GET /api/health HTTP/1.1" 200 -
2026-09-06 15:18:03,852 INFO http "GET /api/health HTTP/1.1" 200 -
2026-09-06 15:18:05,644 INFO http "GET /api/health HTTP/1.1" 200 -
2026-09-06 15:18:06,368 INFO http "GET /api/health HTTP/1.1" 200 -
2026-09-06 15:18:08,157 INFO http "GET /api/health HTTP/1.1" 200 -
2026-09-06 15:18:08,863 INFO http "GET /api/health HTTP/1.1" 200 -
2026-09-06 15:18:10,648 INFO http "GET /api/health HTTP/1.1" 200 -
2026-09-06 15:18:11,351 INFO http "GET /api/health HTTP/1.1" 200 -
2026-09-06 15:18:13,152 INFO http "GET /api/health HTTP/1.1" 200 -
2026-09-06 15:18:13,854 INFO http "GET /api/health HTTP/1.1" 200 -
2026-09-06 15:18:15,642 INFO http "GET /api/health HTTP/1.1" 200 -
2026-09-06 15:18:16,366 INFO http "GET /api/health HTTP/1.1" 200 -
2026-09-06 15:18:18,147 INFO http "GET /api/health HTTP/1.1" 200 -
2026-09-06 15:18:18,858 INFO http "GET /api/health HTTP/1.1" 200 -
2026-09-06 15:18:20,658 INFO http "GET /api/health HTTP/1.1" 200 -
2026-09-06 15:18:21,357 INFO http "GET /api/health HTTP/1.1" 200 -
2026-09-06 15:18:23,152 INFO http "GET /api/health HTTP/1.1" 200 -
2026-09-06 15:18:23,854 INFO http "GET /api/health HTTP/1.1" 200 -
2026-09-06 15:18:25,655 INFO http "GET /api/health HTTP/1.1" 200 -
2026-09-06 15:18:26,355 INFO http "GET /api/health HTTP/1.1" 200 -
2026-09-06 15:18:28,148 INFO http "GET /api/health HTTP/1.1" 200 -
2026-09-06 15:18:28,869 INFO http "GET /api/health HTTP/1.1" 200 -
2026-09-06 15:18:30,644 INFO http "GET /api/health HTTP/1.1" 200 -
2026-09-06 15:18:31,357 INFO http "GET /api/health HTTP/1.1" 200 -
2026-09-06 15:18:33,152 INFO http "GET /api/health HTTP/1.1" 200 -
2026-09-06 15:18:33,871 INFO http "GET /api/health HTTP/1.1" 200 -
2026-09-06 15:18:35,644 INFO http "GET /api/health HTTP/1.1" 200 -
2026-09-06 15:18:36,360 INFO http "GET /api/health HTTP/1.1" 200 -
2026-09-06 15:18:38,151 INFO http "GET /api/health HTTP/1.1" 200 -
2026-09-06 15:18:38,865 INFO http "GET /api/health HTTP/1.1" 200 -
2026-09-06 15:18:40,661 INFO http "GET /api/health HTTP/1.1" 200 -
2026-09-06 15:18:41,367 INFO http "GET /api/health HTTP/1.1" 200 -
2026-09-06 15:18:43,152 INFO http "GET /api/health HTTP/1.1" 200 -
2026-09-06 15:18:43,863 INFO http "GET /api/health HTTP/1.1" 200 -
2026-09-06 15:18:45,648 INFO http "GET /api/health HTTP/1.1" 200 -
2026-09-06 15:18:46,355 INFO http "GET /api/health HTTP/1.1" 200 -
2026-09-06 15:18:48,146 INFO http "GET /api/health HTTP/1.1" 200 -
2026-09-06 15:18:48,856 INFO http "GET /api/health HTTP/1.1" 200 -
2026-09-06 15:18:50,654 INFO http "GET /api/health HTTP/1.1" 200 -
2026-09-06 15:18:51,365 INFO http "GET /api/health HTTP/1.1" 200 -
2026-09-06 15:18:53,148 INFO http "GET /api/health HTTP/1.1" 200 -
2026-09-06 15:18:53,853 INFO http "GET /api/health HTTP/1.1" 200 -
2026-09-06 15:18:55,654 INFO http "GET /api/health HTTP/1.1" 200 -
2026-09-06 15:18:56,357 INFO http "GET /api/health HTTP/1.1" 200 -
2026-09-06 15:18:58,146 INFO http "GET /api/health HTTP/1.1" 200 -
2026-09-06 15:18:58,851 INFO http "GET /api/health HTTP/1.1" 200 -
2026-09-06 15:19:00,654 INFO http "GET /api/health HTTP/1.1" 200 -
2026-09-06 15:19:01,361 INFO http "GET /api/health HTTP/1.1" 200 -
2026-09-06 15:19:03,154 INFO http "GET /api/health HTTP/1.1" 200 -
2026-09-06 15:19:03,860 INFO http "GET /api/health HTTP/1.1" 200 -
2026-09-06 15:19:05,661 INFO http "GET /api/health HTTP/1.1" 200 -
2026-09-06 15:19:06,352 INFO http "GET /api/health HTTP/1.1" 200 -
2026-09-06 15:19:08,148 INFO http "GET /api/health HTTP/1.1" 200 -
2026-09-06 15:19:08,869 INFO http "GET /api/health HTTP/1.1" 200 -
2026-09-06 15:19:10,645 INFO http "GET /api/health HTTP/1.1" 200 -
2026-09-06 15:19:11,360 INFO http "GET /api/health HTTP/1.1" 200 -
2026-09-06 15:19:13,151 INFO http "GET /api/health HTTP/1.1" 200 -
2026-09-06 15:19:13,856 INFO http "GET /api/health HTTP/1.1" 200 -
2026-09-06 15:19:15,647 INFO http "GET /api/health HTTP/1.1" 200 -
2026-09-06 15:19:16,353 INFO http "GET /api/health HTTP/1.1" 200 -
2026-09-06 15:19:18,148 INFO http "GET /api/health HTTP/1.1" 200 -
2026-09-06 15:19:18,856 INFO http "GET /api/health HTTP/1.1" 200 -
2026-09-06 15:19:20,656 INFO http "GET /api/health HTTP/1.1" 200 -
2026-09-06 15:19:21,352 INFO http "GET /api/health HTTP/1.1" 200 -
2026-09-06 15:19:23,149 INFO http "GET /api/health HTTP/1.1" 200 -
2026-09-06 15:19:23,856 INFO http "GET /api/health HTTP/1.1" 200 -
2026-09-06 15:19:25,651 INFO http "GET /api/health HTTP/1.1" 200 -
2026-09-06 15:19:26,353 INFO http "GET /api/health HTTP/1.1" 200 -
2026-09-06 15:19:28,155 INFO http "GET /api/health HTTP/1.1" 200 -
2026-09-06 15:19:28,850 INFO http "GET /api/health HTTP/1.1" 200 -
2026-09-06 15:19:30,645 INFO http "GET /api/health HTTP/1.1" 200 -
2026-09-06 15:19:31,351 INFO http "GET /api/health HTTP/1.1" 200 -
2026-09-06 15:19:33,146 INFO http "GET /api/health HTTP/1.1" 200 -
2026-09-06 15:19:33,851 INFO http "GET /api/health HTTP/1.1" 200 -
2026-09-06 15:19:35,652 INFO http "GET /api/health HTTP/1.1" 200 -
2026-09-06 15:19:36,360 INFO http "GET /api/health HTTP/1.1" 200 -
2026-09-06 15:19:38,150 INFO http "GET /api/health HTTP/1.1" 200 -
2026-09-06 15:19:38,860 INFO http "GET /api/health HTTP/1.1" 200 -
2026-09-06 15:19:40,646 INFO http "GET /api/health HTTP/1.1" 200 -
2026-09-06 15:19:41,367 INFO http "GET /api/health HTTP/1.1" 200 -
2026-09-06 15:19:43,858 INFO http "GET /api/health HTTP/1.1" 200 -
2026-09-06 15:19:44,081 INFO http "GET /api/health HTTP/1.1" 200 -
2026-09-06 15:19:46,082 INFO http "GET /api/health HTTP/1.1" 200 -
2026-09-06 15:19:46,363 INFO http "GET /api/health HTTP/1.1" 200 -
2026-09-06 15:19:48,854 INFO http "GET /api/health HTTP/1.1" 200 -
2026-09-06 15:19:49,087 INFO http "GET /api/health HTTP/1.1" 200 -
2026-09-06 15:19:51,077 INFO http "GET /api/health HTTP/1.1" 200 -
2026-09-06 15:19:51,359 INFO http "GET /api/health HTTP/1.1" 200 -
2026-09-06 15:19:53,855 INFO http "GET /api/health HTTP/1.1" 200 -
2026-09-06 15:19:54,095 INFO http "GET /api/health HTTP/1.1" 200 -
2026-09-06 15:19:56,084 INFO http "GET /api/health HTTP/1.1" 200 -
2026-09-06 15:19:56,351 INFO http "GET /api/health HTTP/1.1" 200 -
2026-09-06 15:19:58,859 INFO http "GET /api/health HTTP/1.1" 200 -
2026-09-06 15:19:59,082 INFO http "GET /api/health HTTP/1.1" 200 -
2026-09-06 15:20:01,088 INFO http "GET /api/health HTTP/1.1" 200 -
2026-09-06 15:20:01,359 INFO http "GET /api/health HTTP/1.1" 200 -
2026-09-06 15:20:03,864 INFO http "GET /api/health HTTP/1.1" 200 -
2026-09-06 15:20:04,082 INFO http "GET /api/health HTTP/1.1" 200 -
2026-09-06 15:20:06,087 INFO http "GET /api/health HTTP/1.1" 200 -
2026-09-06 15:20:06,351 INFO http "GET /api/health HTTP/1.1" 200 -
2026-09-06 15:20:08,856 INFO http "GET /api/health HTTP/1.1" 200 -
2026-09-06 15:20:09,088 INFO http "GET /api/health HTTP/1.1" 200 -
2026-09-06 15:20:11,084 INFO http "GET /api/health HTTP/1.1" 200 -
2026-09-06 15:20:11,365 INFO http "GET /api/health HTTP/1.1" 200 -
2026-09-06 15:20:13,859 INFO http "GET /api/health HTTP/1.1" 200 -
2026-09-06 15:20:14,080 INFO http "GET /api/health HTTP/1.1" 200 -
2026-09-06 15:20:16,090 INFO http "GET /api/health HTTP/1.1" 200 -
2026-09-06 15:20:16,355 INFO http "GET /api/health HTTP/1.1" 200 -
2026-09-06 15:20:18,858 INFO http "GET /api/health HTTP/1.1" 200 -
2026-09-06 15:20:19,082 INFO http "GET /api/health HTTP/1.1" 200 -
2026-09-06 15:20:21,085 INFO http "GET /api/health HTTP/1.1" 200 -
2026-09-06 15:20:21,354 INFO http "GET /api/health HTTP/1.1" 200 -
2026-09-06 15:20:23,858 INFO http "GET /api/health HTTP/1.1" 200 -
2026-09-06 15:20:24,077 INFO http "GET /api/health HTTP/1.1" 200 -
2026-09-06 15:20:26,087 INFO http "GET /api/health HTTP/1.1" 200 -
2026-09-06 15:20:26,365 INFO http "GET /api/health HTTP/1.1" 200 -
2026-09-06 15:20:28,863 INFO http "GET /api/health HTTP/1.1" 200 -
2026-09-06 15:20:29,083 INFO http "GET /api/health HTTP/1.1" 200 -
2026-09-06 15:20:31,082 INFO http "GET /api/health HTTP/1.1" 200 -
2026-09-06 15:20:31,363 INFO http "GET /api/health HTTP/1.1" 200 -
2026-09-06 15:20:33,855 INFO http "GET /api/health HTTP/1.1" 200 -
2026-09-06 15:20:34,087 INFO http "GET /api/health HTTP/1.1" 200 -
2026-09-06 15:20:36,078 INFO http "GET /api/health HTTP/1.1" 200 -
2026-09-06 15:20:36,365 INFO http "GET /api/health HTTP/1.1" 200 -
2026-09-06 15:20:38,852 INFO http "GET /api/health HTTP/1.1" 200 -
2026-09-06 15:20:39,088 INFO http "GET /api/health HTTP/1.1" 200 -
2026-09-06 15:20:41,360 INFO http "GET /api/health HTTP/1.1" 200 -
2026-09-06 15:20:43,854 INFO http "GET /api/health HTTP/1.1" 200 -
2026-09-06 15:20:46,353 INFO http "GET /api/health HTTP/1.1" 200 -
2026-09-06 15:20:47,090 INFO http "GET /api/health HTTP/1.1" 200 -
2026-09-06 15:20:48,855 INFO http "GET /api/health HTTP/1.1" 200 -
2026-09-06 15:20:51,355 INFO http "GET /api/health HTTP/1.1" 200 -
2026-09-06 15:20:53,867 INFO http "GET /api/health HTTP/1.1" 200 -
2026-09-06 15:20:56,360 INFO http "GET /api/health HTTP/1.1" 200 -
2026-09-06 15:20:58,864 INFO http "GET /api/health HTTP/1.1" 200 -
2026-09-06 15:21:01,362 INFO http "GET /api/health HTTP/1.1" 200 -
2026-09-06 15:21:03,858 INFO http "GET /api/health HTTP/1.1" 200 -
2026-09-06 15:21:06,355 INFO http "GET /api/health HTTP/1.1" 200 -
2026-09-06 15:21:08,854 INFO http "GET /api/health HTTP/1.1" 200 -
2026-09-06 15:21:11,358 INFO http "GET /api/health HTTP/1.1" 200 -
2026-09-06 15:21:13,858 INFO http "GET /api/health HTTP/1.1" 200 -
2026-09-06 15:21:16,355 INFO http "GET /api/health HTTP/1.1" 200 -
2026-09-06 15:21:18,854 INFO http "GET /api/health HTTP/1.1" 200 -
2026-09-06 15:21:21,361 INFO http "GET /api/health HTTP/1.1" 200 -
2026-09-06 15:21:47,084 INFO http "GET /api/health HTTP/1.1" 200 -
2026-09-06 15:22:47,095 INFO http "GET /api/health HTTP/1.1" 200 -
2026-09-06 15:23:47,081 INFO http "GET /api/health HTTP/1.1" 200 -
2026-09-06 15:24:16,849 INFO http "GET /api/health HTTP/1.1" 200 -
2026-09-06 15:24:17,002 INFO http "GET / HTTP/1.1" 200 -
2026-09-06 15:24:17,043 INFO http "GET /style.css HTTP/1.1" 200 -
2026-09-06 15:24:17,043 INFO http "GET /format.css HTTP/1.1" 200 -
2026-09-06 15:24:17,044 INFO http "GET /workspace.css HTTP/1.1" 200 -
2026-09-06 15:24:17,045 INFO http "GET /assistant.js HTTP/1.1" 200 -
2026-09-06 15:24:17,046 INFO http "GET /app.js HTTP/1.1" 200 -
2026-09-06 15:24:17,087 INFO http "GET /api/health HTTP/1.1" 200 -
2026-09-06 15:24:17,092 INFO http "GET /api/datasets HTTP/1.1" 200 -
2026-09-06 15:24:17,092 INFO http "GET /api/jobs HTTP/1.1" 200 -
2026-09-06 15:24:17,114 INFO http "GET /api/datasets/cf40e10db38e49bf883406786e2b00c8/dashboard HTTP/1.1" 200 -
2026-09-06 15:24:17,146 INFO http "GET /api/jobs/3e7b232f9bdb45269b64f86adfcc5b99/result HTTP/1.1" 200 -
2026-09-06 15:24:19,672 INFO http "GET /api/health HTTP/1.1" 200 -
2026-09-06 15:24:22,184 INFO http "GET /api/health HTTP/1.1" 200 -
2026-09-06 15:24:24,682 INFO http "GET /api/health HTTP/1.1" 200 -
2026-09-06 15:24:27,184 INFO http "GET /api/health HTTP/1.1" 200 -
2026-09-06 15:24:29,686 INFO http "GET /api/health HTTP/1.1" 200 -
2026-09-06 15:24:32,188 INFO http "GET /api/health HTTP/1.1" 200 -
2026-09-06 15:24:34,687 INFO http "GET /api/health HTTP/1.1" 200 -
2026-09-06 15:24:37,178 INFO http "GET /api/health HTTP/1.1" 200 -
2026-09-06 15:24:39,683 INFO http "GET /api/health HTTP/1.1" 200 -
2026-09-06 15:24:42,183 INFO http "GET /api/health HTTP/1.1" 200 -
2026-09-06 15:24:44,686 INFO http "GET /api/health HTTP/1.1" 200 -
2026-09-06 15:24:47,084 INFO http "GET /api/health HTTP/1.1" 200 -
2026-09-06 15:24:47,176 INFO http "GET /api/health HTTP/1.1" 200 -
2026-09-06 15:24:49,688 INFO http "GET /api/health HTTP/1.1" 200 -
2026-09-06 15:24:52,182 INFO http "GET /api/health HTTP/1.1" 200 -
2026-09-06 15:24:54,679 INFO http "GET /api/health HTTP/1.1" 200 -
2026-09-06 15:24:57,189 INFO http "GET /api/health HTTP/1.1" 200 -
2026-09-06 15:24:59,691 INFO http "GET /api/health HTTP/1.1" 200 -
2026-09-06 15:25:02,186 INFO http "GET /api/health HTTP/1.1" 200 -
2026-09-06 15:25:04,691 INFO http "GET /api/health HTTP/1.1" 200 -
2026-09-06 15:25:07,191 INFO http "GET /api/health HTTP/1.1" 200 -
2026-09-06 15:25:09,681 INFO http "GET /api/health HTTP/1.1" 200 -
2026-09-06 15:25:12,186 INFO http "GET /api/health HTTP/1.1" 200 -
2026-09-06 15:25:14,687 INFO http "GET /api/health HTTP/1.1" 200 -
2026-09-06 15:25:17,190 INFO http "GET /api/health HTTP/1.1" 200 -
2026-09-06 15:25:19,679 INFO http "GET /api/health HTTP/1.1" 200 -
2026-09-06 15:25:22,188 INFO http "GET /api/health HTTP/1.1" 200 -
2026-09-06 15:25:24,686 INFO http "GET /api/health HTTP/1.1" 200 -
2026-09-06 15:25:27,185 INFO http "GET /api/health HTTP/1.1" 200 -
2026-09-06 15:25:29,681 INFO http "GET /api/health HTTP/1.1" 200 -
2026-09-06 15:25:32,188 INFO http "GET /api/health HTTP/1.1" 200 -
2026-09-06 15:25:34,691 INFO http "GET /api/health HTTP/1.1" 200 -
2026-09-06 15:25:37,185 INFO http "GET /api/health HTTP/1.1" 200 -
2026-09-06 15:25:39,690 INFO http "GET /api/health HTTP/1.1" 200 -
2026-09-06 15:25:42,187 INFO http "GET /api/health HTTP/1.1" 200 -
2026-09-06 15:25:44,690 INFO http "GET /api/health HTTP/1.1" 200 -
2026-09-06 15:25:47,088 INFO http "GET /api/health HTTP/1.1" 200 -
2026-09-06 15:25:47,183 INFO http "GET /api/health HTTP/1.1" 200 -
2026-09-06 15:25:49,687 INFO http "GET /api/health HTTP/1.1" 200 -
2026-09-06 15:25:52,180 INFO http "GET /api/health HTTP/1.1" 200 -
2026-09-06 15:25:54,686 INFO http "GET /api/health HTTP/1.1" 200 -
2026-09-06 15:25:57,183 INFO http "GET /api/health HTTP/1.1" 200 -
2026-09-06 15:25:59,688 INFO http "GET /api/health HTTP/1.1" 200 -
2026-09-06 15:26:02,189 INFO http "GET /api/health HTTP/1.1" 200 -
2026-09-06 15:26:04,692 INFO http "GET /api/health HTTP/1.1" 200 -
2026-09-06 15:26:07,183 INFO http "GET /api/health HTTP/1.1" 200 -
2026-09-06 15:26:09,679 INFO http "GET /api/health HTTP/1.1" 200 -
2026-09-06 15:26:12,187 INFO http "GET /api/health HTTP/1.1" 200 -
2026-09-06 15:26:14,673 INFO http "GET /api/health HTTP/1.1" 200 -
2026-09-06 15:26:17,180 INFO http "GET /api/health HTTP/1.1" 200 -
2026-09-06 15:26:19,675 INFO http "GET /api/health HTTP/1.1" 200 -
2026-09-06 15:26:22,188 INFO http "GET /api/health HTTP/1.1" 200 -
2026-09-06 15:26:24,688 INFO http "GET /api/health HTTP/1.1" 200 -
2026-09-06 15:26:27,180 INFO http "GET /api/health HTTP/1.1" 200 -
2026-09-06 15:26:29,677 INFO http "GET /api/health HTTP/1.1" 200 -
2026-09-06 15:26:32,192 INFO http "GET /api/health HTTP/1.1" 200 -
2026-09-06 15:26:34,680 INFO http "GET /api/health HTTP/1.1" 200 -
2026-09-06 15:26:37,188 INFO http "GET /api/health HTTP/1.1" 200 -
2026-09-06 15:26:39,679 INFO http "GET /api/health HTTP/1.1" 200 -
2026-09-06 15:26:42,190 INFO http "GET /api/health HTTP/1.1" 200 -
2026-09-06 15:26:44,692 INFO http "GET /api/health HTTP/1.1" 200 -
2026-09-06 15:26:47,090 INFO http "GET /api/health HTTP/1.1" 200 -
2026-09-06 15:26:47,185 INFO http "GET /api/health HTTP/1.1" 200 -
2026-09-06 15:26:49,692 INFO http "GET /api/health HTTP/1.1" 200 -
2026-09-06 15:26:52,185 INFO http "GET /api/health HTTP/1.1" 200 -
2026-09-06 15:26:54,684 INFO http "GET /api/health HTTP/1.1" 200 -
2026-09-06 15:26:57,190 INFO http "GET /api/health HTTP/1.1" 200 -
2026-09-06 15:26:59,690 INFO http "GET /api/health HTTP/1.1" 200 -
2026-09-06 15:27:02,188 INFO http "GET /api/health HTTP/1.1" 200 -
2026-09-06 15:27:04,692 INFO http "GET /api/health HTTP/1.1" 200 -
2026-09-06 15:27:07,187 INFO http "GET /api/health HTTP/1.1" 200 -
2026-09-06 15:27:09,675 INFO http "GET /api/health HTTP/1.1" 200 -
2026-09-06 15:27:12,178 INFO http "GET /api/health HTTP/1.1" 200 -
2026-09-06 15:27:14,690 INFO http "GET /api/health HTTP/1.1" 200 -
2026-09-06 15:27:17,183 INFO http "GET /api/health HTTP/1.1" 200 -
2026-09-06 15:27:19,679 INFO http "GET /api/health HTTP/1.1" 200 -
2026-09-06 15:27:22,176 INFO http "GET /api/health HTTP/1.1" 200 -
2026-09-06 15:27:24,679 INFO http "GET /api/health HTTP/1.1" 200 -
2026-09-06 15:27:27,187 INFO http "GET /api/health HTTP/1.1" 200 -
2026-09-06 15:27:29,690 INFO http "GET /api/health HTTP/1.1" 200 -
2026-09-06 15:27:32,180 INFO http "GET /api/health HTTP/1.1" 200 -
2026-09-06 15:27:34,690 INFO http "GET /api/health HTTP/1.1" 200 -
2026-09-06 15:27:37,188 INFO http "GET /api/health HTTP/1.1" 200 -
2026-09-06 15:27:39,692 INFO http "GET /api/health HTTP/1.1" 200 -
2026-09-06 15:27:42,179 INFO http "GET /api/health HTTP/1.1" 200 -
2026-09-06 15:27:44,683 INFO http "GET /api/health HTTP/1.1" 200 -
2026-09-06 15:27:47,093 INFO http "GET /api/health HTTP/1.1" 200 -
2026-09-06 15:27:47,183 INFO http "GET /api/health HTTP/1.1" 200 -
2026-09-06 15:27:49,679 INFO http "GET /api/health HTTP/1.1" 200 -
2026-09-06 15:27:52,187 INFO http "GET /api/health HTTP/1.1" 200 -
2026-09-06 15:27:54,681 INFO http "GET /api/health HTTP/1.1" 200 -
2026-09-06 15:27:57,192 INFO http "GET /api/health HTTP/1.1" 200 -
2026-09-06 15:27:59,686 INFO http "GET /api/health HTTP/1.1" 200 -
2026-09-06 15:28:02,187 INFO http "GET /api/health HTTP/1.1" 200 -
2026-09-06 15:28:04,677 INFO http "GET /api/health HTTP/1.1" 200 -
2026-09-06 15:28:07,187 INFO http "GET /api/health HTTP/1.1" 200 -
2026-09-06 15:28:09,678 INFO http "GET /api/health HTTP/1.1" 200 -
2026-09-06 15:28:12,173 INFO http "GET /api/health HTTP/1.1" 200 -
2026-09-06 15:28:14,680 INFO http "GET /api/health HTTP/1.1" 200 -
2026-09-06 15:28:17,181 INFO http "GET /api/health HTTP/1.1" 200 -
2026-09-06 15:28:19,688 INFO http "GET /api/health HTTP/1.1" 200 -
2026-09-06 15:28:22,191 INFO http "GET /api/health HTTP/1.1" 200 -
2026-09-06 15:28:24,688 INFO http "GET /api/health HTTP/1.1" 200 -
2026-09-06 15:28:27,188 INFO http "GET /api/health HTTP/1.1" 200 -
2026-09-06 15:28:29,685 INFO http "GET /api/health HTTP/1.1" 200 -
2026-09-06 15:28:32,177 INFO http "GET /api/health HTTP/1.1" 200 -
2026-09-06 15:28:34,673 INFO http "GET /api/health HTTP/1.1" 200 -
2026-09-06 15:28:37,185 INFO http "GET /api/health HTTP/1.1" 200 -
2026-09-06 15:28:39,682 INFO http "GET /api/health HTTP/1.1" 200 -
2026-09-06 15:28:42,190 INFO http "GET /api/health HTTP/1.1" 200 -
2026-09-06 15:28:44,682 INFO http "GET /api/health HTTP/1.1" 200 -
2026-09-06 15:28:47,079 INFO http "GET /api/health HTTP/1.1" 200 -
2026-09-06 15:28:47,191 INFO http "GET /api/health HTTP/1.1" 200 -
2026-09-06 15:28:49,684 INFO http "GET /api/health HTTP/1.1" 200 -
2026-09-06 15:28:52,181 INFO http "GET /api/health HTTP/1.1" 200 -
2026-09-06 15:28:54,684 INFO http "GET /api/health HTTP/1.1" 200 -
2026-09-06 15:28:57,184 INFO http "GET /api/health HTTP/1.1" 200 -
2026-09-06 15:28:59,685 INFO http "GET /api/health HTTP/1.1" 200 -
2026-09-06 15:29:02,190 INFO http "GET /api/health HTTP/1.1" 200 -
2026-09-06 15:29:04,688 INFO http "GET /api/health HTTP/1.1" 200 -
2026-09-06 15:29:07,182 INFO http "GET /api/health HTTP/1.1" 200 -
2026-09-06 15:29:09,689 INFO http "GET /api/health HTTP/1.1" 200 -
2026-09-06 15:29:12,187 INFO http "GET /api/health HTTP/1.1" 200 -
2026-09-06 15:29:14,685 INFO http "GET /api/health HTTP/1.1" 200 -
2026-09-06 15:29:17,180 INFO http "GET /api/health HTTP/1.1" 200 -
2026-09-06 15:29:19,693 INFO http "GET /api/health HTTP/1.1" 200 -
2026-09-06 15:29:22,190 INFO http "GET /api/health HTTP/1.1" 200 -
2026-09-06 15:29:24,684 INFO http "GET /api/health HTTP/1.1" 200 -
2026-09-06 15:29:27,179 INFO http "GET /api/health HTTP/1.1" 200 -
2026-09-06 15:29:29,686 INFO http "GET /api/health HTTP/1.1" 200 -
2026-09-06 15:29:32,188 INFO http "GET /api/health HTTP/1.1" 200 -
2026-09-06 15:29:34,677 INFO http "GET /api/health HTTP/1.1" 200 -
2026-09-06 15:29:37,190 INFO http "GET /api/health HTTP/1.1" 200 -
2026-09-06 15:29:39,685 INFO http "GET /api/health HTTP/1.1" 200 -
2026-09-06 15:29:42,178 INFO http "GET /api/health HTTP/1.1" 200 -
2026-09-06 15:29:44,680 INFO http "GET /api/health HTTP/1.1" 200 -
2026-09-06 15:29:47,084 INFO http "GET /api/health HTTP/1.1" 200 -
2026-09-06 15:29:47,176 INFO http "GET /api/health HTTP/1.1" 200 -
2026-09-06 15:29:49,687 INFO http "GET /api/health HTTP/1.1" 200 -
2026-09-06 15:29:52,187 INFO http "GET /api/health HTTP/1.1" 200 -
2026-09-06 15:29:54,688 INFO http "GET /api/health HTTP/1.1" 200 -
2026-09-06 15:29:57,179 INFO http "GET /api/health HTTP/1.1" 200 -
2026-09-06 15:29:59,682 INFO http "GET /api/health HTTP/1.1" 200 -
2026-09-06 15:30:02,185 INFO http "GET /api/health HTTP/1.1" 200 -
2026-09-06 15:30:04,691 INFO http "GET /api/health HTTP/1.1" 200 -
2026-09-06 15:30:07,185 INFO http "GET /api/health HTTP/1.1" 200 -
2026-09-06 15:30:09,686 INFO http "GET /api/health HTTP/1.1" 200 -
2026-09-06 15:30:12,183 INFO http "GET /api/health HTTP/1.1" 200 -
2026-09-06 15:30:14,692 INFO http "GET /api/health HTTP/1.1" 200 -
2026-09-06 15:30:17,190 INFO http "GET /api/health HTTP/1.1" 200 -
2026-09-06 15:30:19,677 INFO http "GET /api/health HTTP/1.1" 200 -
2026-09-06 15:30:22,175 INFO http "GET /api/health HTTP/1.1" 200 -
2026-09-06 15:30:24,682 INFO http "GET /api/health HTTP/1.1" 200 -
2026-09-06 15:30:27,181 INFO http "GET /api/health HTTP/1.1" 200 -
2026-09-06 15:30:29,684 INFO http "GET /api/health HTTP/1.1" 200 -
2026-09-06 15:30:32,182 INFO http "GET /api/health HTTP/1.1" 200 -
2026-09-06 15:30:34,688 INFO http "GET /api/health HTTP/1.1" 200 -
2026-09-06 15:30:37,189 INFO http "GET /api/health HTTP/1.1" 200 -
2026-09-06 15:30:39,673 INFO http "GET /api/health HTTP/1.1" 200 -
2026-09-06 15:30:42,190 INFO http "GET /api/health HTTP/1.1" 200 -
2026-09-06 15:30:44,690 INFO http "GET /api/health HTTP/1.1" 200 -
2026-09-06 15:30:47,095 INFO http "GET /api/health HTTP/1.1" 200 -
2026-09-06 15:30:47,189 INFO http "GET /api/health HTTP/1.1" 200 -
2026-09-06 15:30:49,693 INFO http "GET /api/health HTTP/1.1" 200 -
2026-09-06 15:30:52,183 INFO http "GET /api/health HTTP/1.1" 200 -
2026-09-06 15:30:54,687 INFO http "GET /api/health HTTP/1.1" 200 -
2026-09-06 15:30:57,179 INFO http "GET /api/health HTTP/1.1" 200 -
2026-09-06 15:30:59,690 INFO http "GET /api/health HTTP/1.1" 200 -
2026-09-06 15:31:02,189 INFO http "GET /api/health HTTP/1.1" 200 -
2026-09-06 15:31:04,675 INFO http "GET /api/health HTTP/1.1" 200 -
2026-09-06 15:31:07,188 INFO http "GET /api/health HTTP/1.1" 200 -
2026-09-06 15:31:09,678 INFO http "GET /api/health HTTP/1.1" 200 -
2026-09-06 15:31:12,184 INFO http "GET /api/health HTTP/1.1" 200 -
2026-09-06 15:31:14,675 INFO http "GET /api/health HTTP/1.1" 200 -
2026-09-06 15:31:17,188 INFO http "GET /api/health HTTP/1.1" 200 -
2026-09-06 15:31:19,687 INFO http "GET /api/health HTTP/1.1" 200 -
2026-09-06 15:31:22,184 INFO http "GET /api/health HTTP/1.1" 200 -
2026-09-06 15:31:24,682 INFO http "GET /api/health HTTP/1.1" 200 -
2026-09-06 15:31:27,178 INFO http "GET /api/health HTTP/1.1" 200 -
2026-09-06 15:31:29,685 INFO http "GET /api/health HTTP/1.1" 200 -
2026-09-06 15:31:32,182 INFO http "GET /api/health HTTP/1.1" 200 -
2026-09-06 15:31:34,688 INFO http "GET /api/health HTTP/1.1" 200 -
2026-09-06 15:31:37,184 INFO http "GET /api/health HTTP/1.1" 200 -
2026-09-06 15:31:39,687 INFO http "GET /api/health HTTP/1.1" 200 -
2026-09-06 15:31:42,179 INFO http "GET /api/health HTTP/1.1" 200 -
2026-09-06 15:31:44,686 INFO http "GET /api/health HTTP/1.1" 200 -
2026-09-06 15:31:47,092 INFO http "GET /api/health HTTP/1.1" 200 -
2026-09-06 15:31:47,185 INFO http "GET /api/health HTTP/1.1" 200 -
2026-09-06 15:31:49,681 INFO http "GET /api/health HTTP/1.1" 200 -
2026-09-06 15:31:52,181 INFO http "GET /api/health HTTP/1.1" 200 -
2026-09-06 15:31:54,678 INFO http "GET /api/health HTTP/1.1" 200 -
2026-09-06 15:31:57,192 INFO http "GET /api/health HTTP/1.1" 200 -
2026-09-06 15:31:59,678 INFO http "GET /api/health HTTP/1.1" 200 -
2026-09-06 15:32:02,180 INFO http "GET /api/health HTTP/1.1" 200 -
2026-09-06 15:32:04,683 INFO http "GET /api/health HTTP/1.1" 200 -
2026-09-06 15:32:07,191 INFO http "GET /api/health HTTP/1.1" 200 -
2026-09-06 15:32:09,692 INFO http "GET /api/health HTTP/1.1" 200 -
2026-09-06 15:32:12,187 INFO http "GET /api/health HTTP/1.1" 200 -
2026-09-06 15:32:14,678 INFO http "GET /api/health HTTP/1.1" 200 -
2026-09-06 15:32:17,183 INFO http "GET /api/health HTTP/1.1" 200 -
2026-09-06 15:32:19,688 INFO http "GET /api/health HTTP/1.1" 200 -
2026-09-06 15:32:22,184 INFO http "GET /api/health HTTP/1.1" 200 -
2026-09-06 15:32:24,676 INFO http "GET /api/health HTTP/1.1" 200 -
2026-09-06 15:32:27,188 INFO http "GET /api/health HTTP/1.1" 200 -
2026-09-06 15:32:29,682 INFO http "GET /api/health HTTP/1.1" 200 -
2026-09-06 15:32:32,179 INFO http "GET /api/health HTTP/1.1" 200 -
2026-09-06 15:32:34,679 INFO http "GET /api/health HTTP/1.1" 200 -
2026-09-06 15:32:37,178 INFO http "GET /api/health HTTP/1.1" 200 -
2026-09-06 15:32:39,690 INFO http "GET /api/health HTTP/1.1" 200 -
2026-09-06 15:32:42,177 INFO http "GET /api/health HTTP/1.1" 200 -
2026-09-06 15:32:44,687 INFO http "GET /api/health HTTP/1.1" 200 -
2026-09-06 15:32:47,087 INFO http "GET /api/health HTTP/1.1" 200 -
2026-09-06 15:32:47,180 INFO http "GET /api/health HTTP/1.1" 200 -
2026-09-06 15:32:49,689 INFO http "GET /api/health HTTP/1.1" 200 -
2026-09-06 15:32:52,182 INFO http "GET /api/health HTTP/1.1" 200 -
2026-09-06 15:32:54,687 INFO http "GET /api/health HTTP/1.1" 200 -
2026-09-06 15:32:57,185 INFO http "GET /api/health HTTP/1.1" 200 -
2026-09-06 15:32:59,680 INFO http "GET /api/health HTTP/1.1" 200 -
2026-09-06 15:33:02,183 INFO http "GET /api/health HTTP/1.1" 200 -
2026-09-06 15:33:04,684 INFO http "GET /api/health HTTP/1.1" 200 -
2026-09-06 15:33:07,185 INFO http "GET /api/health HTTP/1.1" 200 -
2026-09-06 15:33:09,685 INFO http "GET /api/health HTTP/1.1" 200 -
2026-09-06 15:33:12,189 INFO http "GET /api/health HTTP/1.1" 200 -
2026-09-06 15:33:14,676 INFO http "GET /api/health HTTP/1.1" 200 -
2026-09-06 15:33:17,187 INFO http "GET /api/health HTTP/1.1" 200 -
2026-09-06 15:33:19,686 INFO http "GET /api/health HTTP/1.1" 200 -
2026-09-06 15:33:22,177 INFO http "GET /api/health HTTP/1.1" 200 -
2026-09-06 15:33:24,675 INFO http "GET /api/health HTTP/1.1" 200 -
2026-09-06 15:33:27,174 INFO http "GET /api/health HTTP/1.1" 200 -
2026-09-06 15:33:29,684 INFO http "GET /api/health HTTP/1.1" 200 -
2026-09-06 15:33:32,189 INFO http "GET /api/health HTTP/1.1" 200 -
2026-09-06 15:33:34,681 INFO http "GET /api/health HTTP/1.1" 200 -
2026-09-06 15:33:37,177 INFO http "GET /api/health HTTP/1.1" 200 -
2026-09-06 15:33:39,674 INFO http "GET /api/health HTTP/1.1" 200 -
2026-09-06 15:33:42,192 INFO http "GET /api/health HTTP/1.1" 200 -
2026-09-06 15:33:44,675 INFO http "GET /api/health HTTP/1.1" 200 -
2026-09-06 15:33:47,088 INFO http "GET /api/health HTTP/1.1" 200 -
2026-09-06 15:33:47,182 INFO http "GET /api/health HTTP/1.1" 200 -
2026-09-06 15:33:49,681 INFO http "GET /api/health HTTP/1.1" 200 -
2026-09-06 15:33:52,181 INFO http "GET /api/health HTTP/1.1" 200 -
2026-09-06 15:33:54,688 INFO http "GET /api/health HTTP/1.1" 200 -
2026-09-06 15:33:57,181 INFO http "GET /api/health HTTP/1.1" 200 -
2026-09-06 15:33:59,686 INFO http "GET /api/health HTTP/1.1" 200 -
2026-09-06 15:34:02,185 INFO http "GET /api/health HTTP/1.1" 200 -
2026-09-06 15:34:04,682 INFO http "GET /api/health HTTP/1.1" 200 -
2026-09-06 15:34:07,187 INFO http "GET /api/health HTTP/1.1" 200 -
2026-09-06 15:34:09,686 INFO http "GET /api/health HTTP/1.1" 200 -
2026-09-06 15:34:12,177 INFO http "GET /api/health HTTP/1.1" 200 -
2026-09-06 15:34:14,684 INFO http "GET /api/health HTTP/1.1" 200 -
2026-09-06 15:34:17,186 INFO http "GET /api/health HTTP/1.1" 200 -
2026-09-06 15:34:19,677 INFO http "GET /api/health HTTP/1.1" 200 -
2026-09-06 15:34:22,190 INFO http "GET /api/health HTTP/1.1" 200 -
2026-09-06 15:34:24,682 INFO http "GET /api/health HTTP/1.1" 200 -
2026-09-06 15:34:27,179 INFO http "GET /api/health HTTP/1.1" 200 -
2026-09-06 15:34:29,688 INFO http "GET /api/health HTTP/1.1" 200 -
2026-09-06 15:34:32,185 INFO http "GET /api/health HTTP/1.1" 200 -
2026-09-06 15:34:34,687 INFO http "GET /api/health HTTP/1.1" 200 -
2026-09-06 15:34:37,185 INFO http "GET /api/health HTTP/1.1" 200 -
2026-09-06 15:34:39,678 INFO http "GET /api/health HTTP/1.1" 200 -
2026-09-06 15:34:42,186 INFO http "GET /api/health HTTP/1.1" 200 -
2026-09-06 15:34:44,682 INFO http "GET /api/health HTTP/1.1" 200 -
2026-09-06 15:34:47,089 INFO http "GET /api/health HTTP/1.1" 200 -
2026-09-06 15:34:47,183 INFO http "GET /api/health HTTP/1.1" 200 -
2026-09-06 15:34:49,687 INFO http "GET /api/health HTTP/1.1" 200 -
2026-09-06 15:34:52,188 INFO http "GET /api/health HTTP/1.1" 200 -
2026-09-06 15:34:54,673 INFO http "GET /api/health HTTP/1.1" 200 -
2026-09-06 15:34:57,190 INFO http "GET /api/health HTTP/1.1" 200 -
2026-09-06 15:34:59,677 INFO http "GET /api/health HTTP/1.1" 200 -
2026-09-06 15:35:02,190 INFO http "GET /api/health HTTP/1.1" 200 -
2026-09-06 15:35:04,692 INFO http "GET /api/health HTTP/1.1" 200 -
2026-09-06 15:35:07,189 INFO http "GET /api/health HTTP/1.1" 200 -
2026-09-06 15:35:09,678 INFO http "GET /api/health HTTP/1.1" 200 -
2026-09-06 15:35:12,187 INFO http "GET /api/health HTTP/1.1" 200 -
2026-09-06 15:35:14,682 INFO http "GET /api/health HTTP/1.1" 200 -
2026-09-06 15:35:17,180 INFO http "GET /api/health HTTP/1.1" 200 -
2026-09-06 15:35:19,687 INFO http "GET /api/health HTTP/1.1" 200 -
2026-09-06 15:35:22,179 INFO http "GET /api/health HTTP/1.1" 200 -
2026-09-06 15:35:24,687 INFO http "GET /api/health HTTP/1.1" 200 -
2026-09-06 15:35:27,191 INFO http "GET /api/health HTTP/1.1" 200 -
2026-09-06 15:35:29,685 INFO http "GET /api/health HTTP/1.1" 200 -
2026-09-06 15:35:32,187 INFO http "GET /api/health HTTP/1.1" 200 -
2026-09-06 15:35:34,676 INFO http "GET /api/health HTTP/1.1" 200 -
2026-09-06 15:35:37,184 INFO http "GET /api/health HTTP/1.1" 200 -
2026-09-06 15:35:39,679 INFO http "GET /api/health HTTP/1.1" 200 -
2026-09-06 15:35:42,188 INFO http "GET /api/health HTTP/1.1" 200 -
2026-09-06 15:35:44,677 INFO http "GET /api/health HTTP/1.1" 200 -
2026-09-06 15:35:47,090 INFO http "GET /api/health HTTP/1.1" 200 -
2026-09-06 15:35:47,184 INFO http "GET /api/health HTTP/1.1" 200 -
2026-09-06 15:35:49,686 INFO http "GET /api/health HTTP/1.1" 200 -
2026-09-06 15:35:52,186 INFO http "GET /api/health HTTP/1.1" 200 -
2026-09-06 15:35:54,686 INFO http "GET /api/health HTTP/1.1" 200 -
2026-09-06 15:35:57,185 INFO http "GET /api/health HTTP/1.1" 200 -
2026-09-06 15:35:59,689 INFO http "GET /api/health HTTP/1.1" 200 -
2026-09-06 15:36:02,190 INFO http "GET /api/health HTTP/1.1" 200 -
2026-09-06 15:36:04,677 INFO http "GET /api/health HTTP/1.1" 200 -
2026-09-06 15:36:07,186 INFO http "GET /api/health HTTP/1.1" 200 -
2026-09-06 15:36:09,684 INFO http "GET /api/health HTTP/1.1" 200 -
2026-09-06 15:36:12,186 INFO http "GET /api/health HTTP/1.1" 200 -
2026-09-06 15:36:14,690 INFO http "GET /api/health HTTP/1.1" 200 -
2026-09-06 15:36:17,189 INFO http "GET /api/health HTTP/1.1" 200 -
2026-09-06 15:36:19,677 INFO http "GET /api/health HTTP/1.1" 200 -
2026-09-06 15:36:22,176 INFO http "GET /api/health HTTP/1.1" 200 -
2026-09-06 15:36:24,688 INFO http "GET /api/health HTTP/1.1" 200 -
2026-09-06 15:36:27,175 INFO http "GET /api/health HTTP/1.1" 200 -
2026-09-06 15:36:29,675 INFO http "GET /api/health HTTP/1.1" 200 -
2026-09-06 15:36:32,185 INFO http "GET /api/health HTTP/1.1" 200 -
2026-09-06 15:36:34,674 INFO http "GET /api/health HTTP/1.1" 200 -
2026-09-06 15:36:37,178 INFO http "GET /api/health HTTP/1.1" 200 -
2026-09-06 15:36:39,673 INFO http "GET /api/health HTTP/1.1" 200 -
2026-09-06 15:36:42,184 INFO http "GET /api/health HTTP/1.1" 200 -
2026-09-06 15:36:44,677 INFO http "GET /api/health HTTP/1.1" 200 -
2026-09-06 15:36:47,086 INFO http "GET /api/health HTTP/1.1" 200 -
2026-09-06 15:36:47,179 INFO http "GET /api/health HTTP/1.1" 200 -
2026-09-06 15:36:49,686 INFO http "GET /api/health HTTP/1.1" 200 -
2026-09-06 15:36:52,188 INFO http "GET /api/health HTTP/1.1" 200 -
2026-09-06 15:36:54,688 INFO http "GET /api/health HTTP/1.1" 200 -
2026-09-06 15:36:57,183 INFO http "GET /api/health HTTP/1.1" 200 -
2026-09-06 15:36:59,690 INFO http "GET /api/health HTTP/1.1" 200 -
2026-09-06 15:37:02,177 INFO http "GET /api/health HTTP/1.1" 200 -
2026-09-06 15:37:04,685 INFO http "GET /api/health HTTP/1.1" 200 -
2026-09-06 15:37:07,190 INFO http "GET /api/health HTTP/1.1" 200 -
2026-09-06 15:37:09,680 INFO http "GET /api/health HTTP/1.1" 200 -
2026-09-06 15:37:12,190 INFO http "GET /api/health HTTP/1.1" 200 -
2026-09-06 15:37:14,677 INFO http "GET /api/health HTTP/1.1" 200 -
2026-09-06 15:37:17,186 INFO http "GET /api/health HTTP/1.1" 200 -
2026-09-06 15:37:19,683 INFO http "GET /api/health HTTP/1.1" 200 -
2026-09-06 15:37:22,183 INFO http "GET /api/health HTTP/1.1" 200 -
2026-09-06 15:37:24,675 INFO http "GET /api/health HTTP/1.1" 200 -
2026-09-06 15:37:27,186 INFO http "GET /api/health HTTP/1.1" 200 -
2026-09-06 15:37:29,686 INFO http "GET /api/health HTTP/1.1" 200 -
2026-09-06 15:37:32,190 INFO http "GET /api/health HTTP/1.1" 200 -
2026-09-06 15:37:34,688 INFO http "GET /api/health HTTP/1.1" 200 -
2026-09-06 15:37:37,189 INFO http "GET /api/health HTTP/1.1" 200 -
2026-09-06 15:37:39,678 INFO http "GET /api/health HTTP/1.1" 200 -
2026-09-06 15:37:42,185 INFO http "GET /api/health HTTP/1.1" 200 -
2026-09-06 15:37:44,677 INFO http "GET /api/health HTTP/1.1" 200 -
2026-09-06 15:37:47,086 INFO http "GET /api/health HTTP/1.1" 200 -
2026-09-06 15:37:47,179 INFO http "GET /api/health HTTP/1.1" 200 -
2026-09-06 15:37:49,687 INFO http "GET /api/health HTTP/1.1" 200 -
2026-09-06 15:37:52,179 INFO http "GET /api/health HTTP/1.1" 200 -
2026-09-06 15:37:54,680 INFO http "GET /api/health HTTP/1.1" 200 -
2026-09-06 15:37:57,189 INFO http "GET /api/health HTTP/1.1" 200 -
2026-09-06 15:37:59,687 INFO http "GET /api/health HTTP/1.1" 200 -
2026-09-06 15:38:02,179 INFO http "GET /api/health HTTP/1.1" 200 -
2026-09-06 15:38:04,685 INFO http "GET /api/health HTTP/1.1" 200 -
2026-09-06 15:38:07,191 INFO http "GET /api/health HTTP/1.1" 200 -
2026-09-06 15:38:09,683 INFO http "GET /api/health HTTP/1.1" 200 -
2026-09-06 15:38:12,179 INFO http "GET /api/health HTTP/1.1" 200 -
2026-09-06 15:38:15,094 INFO http "GET /api/health HTTP/1.1" 200 -
2026-09-06 15:38:18,093 INFO http "GET /api/health HTTP/1.1" 200 -
2026-09-06 15:38:20,087 INFO http "GET /api/health HTTP/1.1" 200 -
2026-09-06 15:38:23,094 INFO http "GET /api/health HTTP/1.1" 200 -
2026-09-06 15:38:25,082 INFO http "GET /api/health HTTP/1.1" 200 -
2026-09-06 15:38:28,089 INFO http "GET /api/health HTTP/1.1" 200 -
2026-09-06 15:38:30,082 INFO http "GET /api/health HTTP/1.1" 200 -
2026-09-06 15:38:33,089 INFO http "GET /api/health HTTP/1.1" 200 -
2026-09-06 15:38:35,089 INFO http "GET /api/health HTTP/1.1" 200 -
2026-09-06 15:38:38,077 INFO http "GET /api/health HTTP/1.1" 200 -
2026-09-06 15:38:40,078 INFO http "GET /api/health HTTP/1.1" 200 -
2026-09-06 15:38:43,094 INFO http "GET /api/health HTTP/1.1" 200 -
2026-09-06 15:38:45,089 INFO http "GET /api/health HTTP/1.1" 200 -
2026-09-06 15:38:47,082 INFO http "GET /api/health HTTP/1.1" 200 -
2026-09-06 15:38:48,088 INFO http "GET /api/health HTTP/1.1" 200 -
2026-09-06 15:38:50,079 INFO http "GET /api/health HTTP/1.1" 200 -
2026-09-06 15:38:53,080 INFO http "GET /api/health HTTP/1.1" 200 -
2026-09-06 15:38:55,081 INFO http "GET /api/health HTTP/1.1" 200 -
2026-09-06 15:38:58,091 INFO http "GET /api/health HTTP/1.1" 200 -
2026-09-06 15:39:00,084 INFO http "GET /api/health HTTP/1.1" 200 -
2026-09-06 15:39:03,077 INFO http "GET /api/health HTTP/1.1" 200 -
2026-09-06 15:39:05,087 INFO http "GET /api/health HTTP/1.1" 200 -
2026-09-06 15:39:08,083 INFO http "GET /api/health HTTP/1.1" 200 -
2026-09-06 15:39:10,085 INFO http "GET /api/health HTTP/1.1" 200 -
2026-09-06 15:39:47,078 INFO http "GET /api/health HTTP/1.1" 200 -
2026-09-06 15:39:47,078 INFO http "GET /api/health HTTP/1.1" 200 -
2026-09-06 15:40:47,086 INFO http "GET /api/health HTTP/1.1" 200 -
2026-09-06 15:40:47,087 INFO http "GET /api/health HTTP/1.1" 200 -
2026-09-06 15:41:47,078 INFO http "GET /api/health HTTP/1.1" 200 -
2026-09-06 15:41:47,090 INFO http "GET /api/health HTTP/1.1" 200 -
2026-09-06 15:42:47,083 INFO http "GET /api/health HTTP/1.1" 200 -
2026-09-06 15:42:47,083 INFO http "GET /api/health HTTP/1.1" 200 -
2026-09-06 15:43:47,083 INFO http "GET /api/health HTTP/1.1" 200 -
2026-09-06 15:43:47,084 INFO http "GET /api/health HTTP/1.1" 200 -
2026-09-06 15:44:47,092 INFO http "GET /api/health HTTP/1.1" 200 -
2026-09-06 15:44:47,093 INFO http "GET /api/health HTTP/1.1" 200 -
2026-09-06 15:45:47,086 INFO http "GET /api/health HTTP/1.1" 200 -
2026-09-06 15:45:47,087 INFO http "GET /api/health HTTP/1.1" 200 -
2026-09-06 15:46:47,076 INFO http "GET /api/health HTTP/1.1" 200 -
2026-09-06 15:46:47,076 INFO http "GET /api/health HTTP/1.1" 200 -
2026-09-06 15:47:47,082 INFO http "GET /api/health HTTP/1.1" 200 -
2026-09-06 15:47:47,083 INFO http "GET /api/health HTTP/1.1" 200 -
2026-09-06 15:48:38,029 INFO http "GET /api/health HTTP/1.1" 200 -
2026-09-06 15:48:38,175 INFO http "GET / HTTP/1.1" 200 -
2026-09-06 15:48:38,215 INFO http "GET /style.css HTTP/1.1" 200 -
2026-09-06 15:48:38,215 INFO http "GET /format.css HTTP/1.1" 200 -
2026-09-06 15:48:38,216 INFO http "GET /workspace.css HTTP/1.1" 200 -
2026-09-06 15:48:38,219 INFO http "GET /assistant.js HTTP/1.1" 200 -
2026-09-06 15:48:38,219 INFO http "GET /app.js HTTP/1.1" 200 -
2026-09-06 15:48:38,225 INFO http "GET /api/health HTTP/1.1" 200 -
2026-09-06 15:48:38,262 INFO http "GET /api/datasets HTTP/1.1" 200 -
2026-09-06 15:48:38,263 INFO http "GET /api/jobs HTTP/1.1" 200 -
2026-09-06 15:48:38,284 INFO http "GET /api/datasets/cf40e10db38e49bf883406786e2b00c8/dashboard HTTP/1.1" 200 -
2026-09-06 15:48:38,313 INFO http "GET /api/jobs/3e7b232f9bdb45269b64f86adfcc5b99/result HTTP/1.1" 200 -
2026-09-06 15:48:40,856 INFO http "GET /api/health HTTP/1.1" 200 -
2026-09-06 15:48:43,338 INFO http "GET /api/health HTTP/1.1" 200 -
2026-09-06 15:48:45,847 INFO http "GET /api/health HTTP/1.1" 200 -
2026-09-06 15:48:47,084 INFO http "GET /api/health HTTP/1.1" 200 -
2026-09-06 15:48:47,085 INFO http "GET /api/health HTTP/1.1" 200 -
2026-09-06 15:48:48,354 INFO http "GET /api/health HTTP/1.1" 200 -
2026-09-06 15:48:50,847 INFO http "GET /api/health HTTP/1.1" 200 -
2026-09-06 15:48:53,355 INFO http "GET /api/health HTTP/1.1" 200 -
2026-09-06 15:48:55,843 INFO http "GET /api/health HTTP/1.1" 200 -
2026-09-06 15:48:58,337 INFO http "GET /api/health HTTP/1.1" 200 -
2026-09-06 15:49:00,837 INFO http "GET /api/health HTTP/1.1" 200 -
2026-09-06 15:49:02,919 INFO http "GET / HTTP/1.1" 200 -
2026-09-06 15:49:02,926 INFO http "GET /style.css HTTP/1.1" 200 -
2026-09-06 15:49:02,926 INFO http "GET /format.css HTTP/1.1" 200 -
2026-09-06 15:49:02,927 INFO http "GET /workspace.css HTTP/1.1" 200 -
2026-09-06 15:49:02,927 INFO http "GET /assistant.js HTTP/1.1" 200 -
2026-09-06 15:49:02,929 INFO http "GET /app.js HTTP/1.1" 200 -
2026-09-06 15:49:02,957 INFO http "GET /api/health HTTP/1.1" 200 -
2026-09-06 15:49:02,961 INFO http "GET /api/datasets HTTP/1.1" 200 -
2026-09-06 15:49:02,961 INFO http "GET /api/jobs HTTP/1.1" 200 -
2026-09-06 15:49:02,979 INFO http "GET /api/datasets/cf40e10db38e49bf883406786e2b00c8/dashboard HTTP/1.1" 200 -
2026-09-06 15:49:03,006 INFO http "GET /api/jobs/3e7b232f9bdb45269b64f86adfcc5b99/result HTTP/1.1" 200 -
2026-09-06 15:49:05,219 INFO http "GET / HTTP/1.1" 200 -
2026-09-06 15:49:05,224 INFO http "GET /style.css HTTP/1.1" 200 -
2026-09-06 15:49:05,225 INFO http "GET /format.css HTTP/1.1" 200 -
2026-09-06 15:49:05,226 INFO http "GET /workspace.css HTTP/1.1" 200 -
2026-09-06 15:49:05,226 INFO http "GET /assistant.js HTTP/1.1" 200 -
2026-09-06 15:49:05,227 INFO http "GET /app.js HTTP/1.1" 200 -
2026-09-06 15:49:05,231 INFO http "GET /api/health HTTP/1.1" 200 -
2026-09-06 15:49:05,235 INFO http "GET /api/datasets HTTP/1.1" 200 -
2026-09-06 15:49:05,235 INFO http "GET /api/jobs HTTP/1.1" 200 -
2026-09-06 15:49:05,254 INFO http "GET /api/datasets/cf40e10db38e49bf883406786e2b00c8/dashboard HTTP/1.1" 200 -
2026-09-06 15:49:05,280 INFO http "GET /api/jobs/3e7b232f9bdb45269b64f86adfcc5b99/result HTTP/1.1" 200 -
2026-09-06 15:49:07,796 INFO http "GET /api/health HTTP/1.1" 200 -
2026-09-06 15:49:10,298 INFO http "GET /api/health HTTP/1.1" 200 -
2026-09-06 15:49:12,794 INFO http "GET /api/health HTTP/1.1" 200 -
2026-09-06 15:49:15,293 INFO http "GET /api/health HTTP/1.1" 200 -
2026-09-06 15:49:17,795 INFO http "GET /api/health HTTP/1.1" 200 -
2026-09-06 15:49:20,295 INFO http "GET /api/health HTTP/1.1" 200 -
2026-09-06 15:49:22,797 INFO http "GET /api/health HTTP/1.1" 200 -
2026-09-06 15:49:25,300 INFO http "GET /api/health HTTP/1.1" 200 -
2026-09-06 15:49:27,807 INFO http "GET /api/health HTTP/1.1" 200 -
2026-09-06 15:49:30,302 INFO http "GET /api/health HTTP/1.1" 200 -
2026-09-06 15:49:32,790 INFO http "GET /api/health HTTP/1.1" 200 -
2026-09-06 15:49:35,297 INFO http "GET /api/health HTTP/1.1" 200 -
2026-09-06 15:49:37,790 INFO http "GET /api/health HTTP/1.1" 200 -
2026-09-06 15:49:40,297 INFO http "GET /api/health HTTP/1.1" 200 -
2026-09-06 15:49:42,790 INFO http "GET /api/health HTTP/1.1" 200 -
2026-09-06 15:49:45,290 INFO http "GET /api/health HTTP/1.1" 200 -
2026-09-06 15:49:47,087 INFO http "GET /api/health HTTP/1.1" 200 -
2026-09-06 15:49:47,088 INFO http "GET /api/health HTTP/1.1" 200 -
2026-09-06 15:49:47,790 INFO http "GET /api/health HTTP/1.1" 200 -
2026-09-06 15:49:50,291 INFO http "GET /api/health HTTP/1.1" 200 -
2026-09-06 15:49:52,790 INFO http "GET /api/health HTTP/1.1" 200 -
2026-09-06 15:49:55,293 INFO http "GET /api/health HTTP/1.1" 200 -
2026-09-06 15:49:57,796 INFO http "GET /api/health HTTP/1.1" 200 -
2026-09-06 15:50:00,295 INFO http "GET /api/health HTTP/1.1" 200 -
2026-09-06 15:50:02,791 INFO http "GET /api/health HTTP/1.1" 200 -
2026-09-06 15:50:05,291 INFO http "GET /api/health HTTP/1.1" 200 -
2026-09-06 15:50:07,792 INFO http "GET /api/health HTTP/1.1" 200 -
2026-09-06 15:50:10,293 INFO http "GET /api/health HTTP/1.1" 200 -
2026-09-06 15:50:12,794 INFO http "GET /api/health HTTP/1.1" 200 -
2026-09-06 15:50:15,293 INFO http "GET /api/health HTTP/1.1" 200 -
2026-09-06 15:50:17,791 INFO http "GET /api/health HTTP/1.1" 200 -
2026-09-06 15:50:20,302 INFO http "GET /api/health HTTP/1.1" 200 -
2026-09-06 15:50:22,795 INFO http "GET /api/health HTTP/1.1" 200 -
2026-09-06 15:50:25,292 INFO http "GET /api/health HTTP/1.1" 200 -
2026-09-06 15:50:27,810 INFO http "GET /api/health HTTP/1.1" 200 -
2026-09-06 15:50:30,294 INFO http "GET /api/health HTTP/1.1" 200 -
2026-09-06 15:50:32,796 INFO http "GET /api/health HTTP/1.1" 200 -
2026-09-06 15:50:35,294 INFO http "GET /api/health HTTP/1.1" 200 -
2026-09-06 15:50:37,796 INFO http "GET /api/health HTTP/1.1" 200 -
2026-09-06 15:50:40,290 INFO http "GET /api/health HTTP/1.1" 200 -
2026-09-06 15:50:42,790 INFO http "GET /api/health HTTP/1.1" 200 -
2026-09-06 15:50:45,291 INFO http "GET /api/health HTTP/1.1" 200 -
2026-09-06 15:50:47,077 INFO http "GET /api/health HTTP/1.1" 200 -
2026-09-06 15:50:47,078 INFO http "GET /api/health HTTP/1.1" 200 -
2026-09-06 15:50:47,794 INFO http "GET /api/health HTTP/1.1" 200 -
2026-09-06 15:50:50,290 INFO http "GET /api/health HTTP/1.1" 200 -
2026-09-06 15:50:52,790 INFO http "GET /api/health HTTP/1.1" 200 -
2026-09-06 15:50:55,306 INFO http "GET /api/health HTTP/1.1" 200 -
2026-09-06 15:50:57,798 INFO http "GET /api/health HTTP/1.1" 200 -
2026-09-06 15:51:00,292 INFO http "GET /api/health HTTP/1.1" 200 -
2026-09-06 15:51:02,791 INFO http "GET /api/health HTTP/1.1" 200 -
2026-09-06 15:51:05,307 INFO http "GET /api/health HTTP/1.1" 200 -
2026-09-06 15:51:07,799 INFO http "GET /api/health HTTP/1.1" 200 -
2026-09-06 15:51:10,301 INFO http "GET /api/health HTTP/1.1" 200 -
2026-09-06 15:51:12,791 INFO http "GET /api/health HTTP/1.1" 200 -
2026-09-06 15:51:15,298 INFO http "GET /api/health HTTP/1.1" 200 -
2026-09-06 15:51:17,795 INFO http "GET /api/health HTTP/1.1" 200 -
2026-09-06 15:51:20,293 INFO http "GET /api/health HTTP/1.1" 200 -
2026-09-06 15:51:21,305 INFO http "GET /api/health HTTP/1.1" 200 -
2026-09-06 15:51:22,790 INFO http "GET /api/health HTTP/1.1" 200 -
2026-09-06 15:51:23,077 INFO http "GET /api/health HTTP/1.1" 200 -
2026-09-06 15:51:25,078 INFO http "GET /api/health HTTP/1.1" 200 -
2026-09-06 15:51:25,301 INFO http "GET /api/health HTTP/1.1" 200 -
2026-09-06 15:51:27,802 INFO http "GET /api/health HTTP/1.1" 200 -
2026-09-06 15:51:28,085 INFO http "GET /api/health HTTP/1.1" 200 -
2026-09-06 15:51:30,088 INFO http "GET /api/health HTTP/1.1" 200 -
2026-09-06 15:51:30,292 INFO http "GET /api/health HTTP/1.1" 200 -
2026-09-06 15:51:32,793 INFO http "GET /api/health HTTP/1.1" 200 -
2026-09-06 15:51:33,094 INFO http "GET /api/health HTTP/1.1" 200 -
2026-09-06 15:51:35,084 INFO http "GET /api/health HTTP/1.1" 200 -
2026-09-06 15:51:35,268 INFO http "GET /api/health HTTP/1.1" 200 -
2026-09-06 15:51:36,077 INFO http "GET /api/health HTTP/1.1" 200 -
2026-09-06 15:51:36,077 INFO http "GET /api/health HTTP/1.1" 200 -
2026-09-06 15:51:38,083 INFO http "GET /api/health HTTP/1.1" 200 -
2026-09-06 15:51:38,085 INFO http "GET /api/health HTTP/1.1" 200 -
2026-09-06 15:51:39,084 INFO http "GET /api/health HTTP/1.1" 200 -
2026-09-06 15:51:40,090 INFO http "GET /api/health HTTP/1.1" 200 -
2026-09-06 15:51:41,090 INFO http "GET /api/health HTTP/1.1" 200 -
2026-09-06 15:51:41,090 INFO http "GET /api/health HTTP/1.1" 200 -
2026-09-06 15:51:43,087 INFO http "GET /api/health HTTP/1.1" 200 -
2026-09-06 15:51:43,087 INFO http "GET /api/health HTTP/1.1" 200 -
2026-09-06 15:51:44,082 INFO http "GET /api/health HTTP/1.1" 200 -
2026-09-06 15:51:45,083 INFO http "GET /api/health HTTP/1.1" 200 -
2026-09-06 15:51:46,083 INFO http "GET /api/health HTTP/1.1" 200 -
2026-09-06 15:51:46,084 INFO http "GET /api/health HTTP/1.1" 200 -
2026-09-06 15:51:48,094 INFO http "GET /api/health HTTP/1.1" 200 -
2026-09-06 15:51:48,097 INFO http "GET /api/health HTTP/1.1" 200 -
2026-09-06 15:51:49,094 INFO http "GET /api/health HTTP/1.1" 200 -
2026-09-06 15:51:50,081 INFO http "GET /api/health HTTP/1.1" 200 -
2026-09-06 15:51:51,085 INFO http "GET /api/health HTTP/1.1" 200 -
2026-09-06 15:51:51,086 INFO http "GET /api/health HTTP/1.1" 200 -
2026-09-06 15:51:53,092 INFO http "GET /api/health HTTP/1.1" 200 -
2026-09-06 15:51:53,092 INFO http "GET /api/health HTTP/1.1" 200 -
2026-09-06 15:51:54,081 INFO http "GET /api/health HTTP/1.1" 200 -
2026-09-06 15:51:55,085 INFO http "GET /api/health HTTP/1.1" 200 -
2026-09-06 15:51:56,082 INFO http "GET /api/health HTTP/1.1" 200 -
2026-09-06 15:51:56,083 INFO http "GET /api/health HTTP/1.1" 200 -
2026-09-06 15:51:58,093 INFO http "GET /api/health HTTP/1.1" 200 -
2026-09-06 15:51:58,094 INFO http "GET /api/health HTTP/1.1" 200 -
2026-09-06 15:51:59,078 INFO http "GET /api/health HTTP/1.1" 200 -
2026-09-06 15:52:00,079 INFO http "GET /api/health HTTP/1.1" 200 -
2026-09-06 15:52:01,082 INFO http "GET /api/health HTTP/1.1" 200 -
2026-09-06 15:52:01,085 INFO http "GET /api/health HTTP/1.1" 200 -
2026-09-06 15:52:03,091 INFO http "GET /api/health HTTP/1.1" 200 -
2026-09-06 15:52:03,091 INFO http "GET /api/health HTTP/1.1" 200 -
2026-09-06 15:52:04,080 INFO http "GET /api/health HTTP/1.1" 200 -
2026-09-06 15:52:05,082 INFO http "GET /api/health HTTP/1.1" 200 -
2026-09-06 15:52:06,086 INFO http "GET /api/health HTTP/1.1" 200 -
2026-09-06 15:52:06,088 INFO http "GET /api/health HTTP/1.1" 200 -
2026-09-06 15:52:08,091 INFO http "GET /api/health HTTP/1.1" 200 -
2026-09-06 15:52:08,093 INFO http "GET /api/health HTTP/1.1" 200 -
2026-09-06 15:52:09,094 INFO http "GET /api/health HTTP/1.1" 200 -
2026-09-06 15:52:10,081 INFO http "GET /api/health HTTP/1.1" 200 -
2026-09-06 15:52:11,086 INFO http "GET /api/health HTTP/1.1" 200 -
2026-09-06 15:52:11,087 INFO http "GET /api/health HTTP/1.1" 200 -
2026-09-06 15:52:13,082 INFO http "GET /api/health HTTP/1.1" 200 -
2026-09-06 15:52:13,082 INFO http "GET /api/health HTTP/1.1" 200 -
2026-09-06 15:52:14,087 INFO http "GET /api/health HTTP/1.1" 200 -
2026-09-06 15:52:15,082 INFO http "GET /api/health HTTP/1.1" 200 -
2026-09-06 15:52:16,084 INFO http "GET /api/health HTTP/1.1" 200 -
2026-09-06 15:52:16,084 INFO http "GET /api/health HTTP/1.1" 200 -
2026-09-06 15:52:18,083 INFO http "GET /api/health HTTP/1.1" 200 -
2026-09-06 15:52:18,084 INFO http "GET /api/health HTTP/1.1" 200 -
2026-09-06 15:52:19,093 INFO http "GET /api/health HTTP/1.1" 200 -
2026-09-06 15:52:20,081 INFO http "GET /api/health HTTP/1.1" 200 -
2026-09-06 15:52:21,082 INFO http "GET /api/health HTTP/1.1" 200 -
2026-09-06 15:52:21,082 INFO http "GET /api/health HTTP/1.1" 200 -
2026-09-06 15:52:23,090 INFO http "GET /api/health HTTP/1.1" 200 -
2026-09-06 15:52:24,094 INFO http "GET /api/health HTTP/1.1" 200 -
2026-09-06 15:52:26,085 INFO http "GET /api/health HTTP/1.1" 200 -
2026-09-06 15:52:26,087 INFO http "GET /api/health HTTP/1.1" 200 -
2026-09-06 15:52:28,091 INFO http "GET /api/health HTTP/1.1" 200 -
2026-09-06 15:52:29,079 INFO http "GET /api/health HTTP/1.1" 200 -
2026-09-06 15:52:31,088 INFO http "GET /api/health HTTP/1.1" 200 -
2026-09-06 15:52:31,088 INFO http "GET /api/health HTTP/1.1" 200 -
2026-09-06 15:52:33,081 INFO http "GET /api/health HTTP/1.1" 200 -
2026-09-06 15:52:34,093 INFO http "GET /api/health HTTP/1.1" 200 -
2026-09-06 15:52:47,090 INFO http "GET /api/health HTTP/1.1" 200 -
2026-09-06 15:52:47,091 INFO http "GET /api/health HTTP/1.1" 200 -
2026-09-06 15:52:47,092 INFO http "GET /api/health HTTP/1.1" 200 -
2026-09-06 15:53:47,093 INFO http "GET /api/health HTTP/1.1" 200 -
2026-09-06 15:53:47,093 INFO http "GET /api/health HTTP/1.1" 200 -
2026-09-06 15:53:47,094 INFO http "GET /api/health HTTP/1.1" 200 -
2026-09-06 15:54:47,090 INFO http "GET /api/health HTTP/1.1" 200 -
2026-09-06 15:54:47,090 INFO http "GET /api/health HTTP/1.1" 200 -
2026-09-06 15:54:47,092 INFO http "GET /api/health HTTP/1.1" 200 -
2026-09-06 15:55:47,083 INFO http "GET /api/health HTTP/1.1" 200 -
2026-09-06 15:55:47,084 INFO http "GET /api/health HTTP/1.1" 200 -
2026-09-06 15:55:47,084 INFO http "GET /api/health HTTP/1.1" 200 -
2026-09-06 15:56:47,086 INFO http "GET /api/health HTTP/1.1" 200 -
2026-09-06 15:56:47,087 INFO http "GET /api/health HTTP/1.1" 200 -
2026-09-06 15:56:47,089 INFO http "GET /api/health HTTP/1.1" 200 -
2026-09-06 15:57:47,094 INFO http "GET /api/health HTTP/1.1" 200 -
2026-09-06 15:57:47,095 INFO http "GET /api/health HTTP/1.1" 200 -
2026-09-06 15:57:47,097 INFO http "GET /api/health HTTP/1.1" 200 -
2026-09-06 15:58:47,083 INFO http "GET /api/health HTTP/1.1" 200 -
2026-09-06 15:58:47,084 INFO http "GET /api/health HTTP/1.1" 200 -
2026-09-06 15:58:47,085 INFO http "GET /api/health HTTP/1.1" 200 -
2026-09-06 15:59:47,089 INFO http "GET /api/health HTTP/1.1" 200 -
2026-09-06 15:59:47,090 INFO http "GET /api/health HTTP/1.1" 200 -
2026-09-06 15:59:47,091 INFO http "GET /api/health HTTP/1.1" 200 -
2026-09-06 16:00:47,082 INFO http "GET /api/health HTTP/1.1" 200 -
2026-09-06 16:00:47,082 INFO http "GET /api/health HTTP/1.1" 200 -
2026-09-06 16:00:47,083 INFO http "GET /api/health HTTP/1.1" 200 -
2026-09-06 16:01:47,095 INFO http "GET /api/health HTTP/1.1" 200 -
2026-09-06 16:01:47,096 INFO http "GET /api/health HTTP/1.1" 200 -
2026-09-06 16:01:47,097 INFO http "GET /api/health HTTP/1.1" 200 -
2026-09-06 16:02:47,082 INFO http "GET /api/health HTTP/1.1" 200 -
2026-09-06 16:02:47,083 INFO http "GET /api/health HTTP/1.1" 200 -
2026-09-06 16:02:47,083 INFO http "GET /api/health HTTP/1.1" 200 -
2026-09-06 16:03:47,091 INFO http "GET /api/health HTTP/1.1" 200 -
2026-09-06 16:03:47,092 INFO http "GET /api/health HTTP/1.1" 200 -
2026-09-06 16:03:47,093 INFO http "GET /api/health HTTP/1.1" 200 -
2026-09-06 16:04:47,080 INFO http "GET /api/health HTTP/1.1" 200 -
2026-09-06 16:04:47,081 INFO http "GET /api/health HTTP/1.1" 200 -
2026-09-06 16:04:47,095 INFO http "GET /api/health HTTP/1.1" 200 -
2026-09-06 16:05:47,081 INFO http "GET /api/health HTTP/1.1" 200 -
2026-09-06 16:05:47,082 INFO http "GET /api/health HTTP/1.1" 200 -
2026-09-06 16:05:47,083 INFO http "GET /api/health HTTP/1.1" 200 -
2026-09-06 16:06:47,085 INFO http "GET /api/health HTTP/1.1" 200 -
2026-09-06 16:06:47,085 INFO http "GET /api/health HTTP/1.1" 200 -
2026-09-06 16:06:47,087 INFO http "GET /api/health HTTP/1.1" 200 -
2026-09-06 16:07:47,089 INFO http "GET /api/health HTTP/1.1" 200 -
2026-09-06 16:07:47,089 INFO http "GET /api/health HTTP/1.1" 200 -
2026-09-06 16:07:47,090 INFO http "GET /api/health HTTP/1.1" 200 -
2026-09-06 16:08:47,084 INFO http "GET /api/health HTTP/1.1" 200 -
2026-09-06 16:08:47,084 INFO http "GET /api/health HTTP/1.1" 200 -
2026-09-06 16:08:47,085 INFO http "GET /api/health HTTP/1.1" 200 -
2026-09-06 16:09:47,085 INFO http "GET /api/health HTTP/1.1" 200 -
2026-09-06 16:09:47,085 INFO http "GET /api/health HTTP/1.1" 200 -
2026-09-06 16:09:47,087 INFO http "GET /api/health HTTP/1.1" 200 -
2026-09-06 16:10:47,089 INFO http "GET /api/health HTTP/1.1" 200 -
2026-09-06 16:10:47,090 INFO http "GET /api/health HTTP/1.1" 200 -
2026-09-06 16:10:47,091 INFO http "GET /api/health HTTP/1.1" 200 -
2026-09-06 16:11:47,090 INFO http "GET /api/health HTTP/1.1" 200 -
2026-09-06 16:11:47,091 INFO http "GET /api/health HTTP/1.1" 200 -
2026-09-06 16:11:47,092 INFO http "GET /api/health HTTP/1.1" 200 -
2026-09-06 16:12:47,087 INFO http "GET /api/health HTTP/1.1" 200 -
2026-09-06 16:12:47,087 INFO http "GET /api/health HTTP/1.1" 200 -
2026-09-06 16:12:47,088 INFO http "GET /api/health HTTP/1.1" 200 -
2026-09-06 16:12:54,415 INFO http "GET /api/health HTTP/1.1" 200 -
2026-09-06 16:12:56,082 INFO http "GET /api/health HTTP/1.1" 200 -
2026-09-06 16:12:59,083 INFO http "GET /api/health HTTP/1.1" 200 -
2026-09-06 16:13:01,090 INFO http "GET /api/health HTTP/1.1" 200 -
2026-09-06 16:13:04,090 INFO http "GET /api/health HTTP/1.1" 200 -
2026-09-06 16:13:06,090 INFO http "GET /api/health HTTP/1.1" 200 -
2026-09-06 16:13:09,092 INFO http "GET /api/health HTTP/1.1" 200 -
2026-09-06 16:13:11,082 INFO http "GET /api/health HTTP/1.1" 200 -
2026-09-06 16:13:14,087 INFO http "GET /api/health HTTP/1.1" 200 -
2026-09-06 16:13:16,084 INFO http "GET /api/health HTTP/1.1" 200 -
2026-09-06 16:13:19,081 INFO http "GET /api/health HTTP/1.1" 200 -
2026-09-06 16:13:21,089 INFO http "GET /api/health HTTP/1.1" 200 -
2026-09-06 16:13:24,088 INFO http "GET /api/health HTTP/1.1" 200 -
2026-09-06 16:13:26,085 INFO http "GET /api/health HTTP/1.1" 200 -
2026-09-06 16:13:29,081 INFO http "GET /api/health HTTP/1.1" 200 -
2026-09-06 16:13:31,082 INFO http "GET /api/health HTTP/1.1" 200 -
2026-09-06 16:13:34,090 INFO http "GET /api/health HTTP/1.1" 200 -
2026-09-06 16:13:36,083 INFO http "GET /api/health HTTP/1.1" 200 -
2026-09-06 16:13:39,076 INFO http "GET /api/health HTTP/1.1" 200 -
2026-09-06 16:13:41,083 INFO http "GET /api/health HTTP/1.1" 200 -
2026-09-06 16:13:44,082 INFO http "GET /api/health HTTP/1.1" 200 -
2026-09-06 16:13:46,087 INFO http "GET /api/health HTTP/1.1" 200 -
2026-09-06 16:13:47,083 INFO http "GET /api/health HTTP/1.1" 200 -
2026-09-06 16:13:47,084 INFO http "GET /api/health HTTP/1.1" 200 -
2026-09-06 16:13:49,079 INFO http "GET /api/health HTTP/1.1" 200 -
2026-09-06 16:13:51,088 INFO http "GET /api/health HTTP/1.1" 200 -
2026-09-06 16:13:54,080 INFO http "GET /api/health HTTP/1.1" 200 -
2026-09-06 16:14:47,090 INFO http "GET /api/health HTTP/1.1" 200 -
2026-09-06 16:14:47,092 INFO http "GET /api/health HTTP/1.1" 200 -
2026-09-06 16:14:47,093 INFO http "GET /api/health HTTP/1.1" 200 -
2026-09-06 16:15:47,089 INFO http "GET /api/health HTTP/1.1" 200 -
2026-09-06 16:15:47,090 INFO http "GET /api/health HTTP/1.1" 200 -
2026-09-06 16:15:47,091 INFO http "GET /api/health HTTP/1.1" 200 -
2026-09-06 16:16:47,079 INFO http "GET /api/health HTTP/1.1" 200 -
2026-09-06 16:16:47,090 INFO http "GET /api/health HTTP/1.1" 200 -
2026-09-06 16:16:47,091 INFO http "GET /api/health HTTP/1.1" 200 -
2026-09-06 16:17:47,089 INFO http "GET /api/health HTTP/1.1" 200 -
2026-09-06 16:17:47,090 INFO http "GET /api/health HTTP/1.1" 200 -
2026-09-06 16:17:47,093 INFO http "GET /api/health HTTP/1.1" 200 -
2026-09-06 16:18:47,094 INFO http "GET /api/health HTTP/1.1" 200 -
2026-09-06 16:18:47,095 INFO http "GET /api/health HTTP/1.1" 200 -
2026-09-06 16:18:47,095 INFO http "GET /api/health HTTP/1.1" 200 -
2026-09-06 16:19:47,092 INFO http "GET /api/health HTTP/1.1" 200 -
2026-09-06 16:19:47,093 INFO http "GET /api/health HTTP/1.1" 200 -
2026-09-06 16:19:47,094 INFO http "GET /api/health HTTP/1.1" 200 -
2026-09-06 16:20:47,088 INFO http "GET /api/health HTTP/1.1" 200 -
2026-09-06 16:20:47,089 INFO http "GET /api/health HTTP/1.1" 200 -
2026-09-06 16:20:47,090 INFO http "GET /api/health HTTP/1.1" 200 -
2026-09-06 16:21:47,089 INFO http "GET /api/health HTTP/1.1" 200 -
2026-09-06 16:21:47,092 INFO http "GET /api/health HTTP/1.1" 200 -
2026-09-06 16:21:47,096 INFO http "GET /api/health HTTP/1.1" 200 -
2026-09-06 16:22:47,089 INFO http "GET /api/health HTTP/1.1" 200 -
2026-09-06 16:22:47,090 INFO http "GET /api/health HTTP/1.1" 200 -
2026-09-06 16:22:47,091 INFO http "GET /api/health HTTP/1.1" 200 -
2026-09-06 16:23:47,092 INFO http "GET /api/health HTTP/1.1" 200 -
2026-09-06 16:23:47,095 INFO http "GET /api/health HTTP/1.1" 200 -
2026-09-06 16:23:47,095 INFO http "GET /api/health HTTP/1.1" 200 -
2026-09-06 16:24:47,088 INFO http "GET /api/health HTTP/1.1" 200 -
2026-09-06 16:24:47,089 INFO http "GET /api/health HTTP/1.1" 200 -
2026-09-06 16:24:47,090 INFO http "GET /api/health HTTP/1.1" 200 -
2026-09-06 16:25:47,087 INFO http "GET /api/health HTTP/1.1" 200 -
2026-09-06 16:25:47,088 INFO http "GET /api/health HTTP/1.1" 200 -
2026-09-06 16:25:47,089 INFO http "GET /api/health HTTP/1.1" 200 -
2026-09-06 16:26:47,086 INFO http "GET /api/health HTTP/1.1" 200 -
2026-09-06 16:26:47,086 INFO http "GET /api/health HTTP/1.1" 200 -
2026-09-06 16:26:47,087 INFO http "GET /api/health HTTP/1.1" 200 -
2026-09-06 16:27:47,085 INFO http "GET /api/health HTTP/1.1" 200 -
2026-09-06 16:27:47,086 INFO http "GET /api/health HTTP/1.1" 200 -
2026-09-06 16:27:47,087 INFO http "GET /api/health HTTP/1.1" 200 -
2026-09-06 16:28:47,094 INFO http "GET /api/health HTTP/1.1" 200 -
2026-09-06 16:28:47,099 INFO http "GET /api/health HTTP/1.1" 200 -
2026-09-06 16:28:47,100 INFO http "GET /api/health HTTP/1.1" 200 -
